bodyparts,Nose,Nose,Nose,EarR,EarR,EarR,EarL,EarL,EarL,Back1,Back1,Back1,Back6,Back6,Back6,Back12,Back12,Back12,Tail1,Tail1,Tail1,Tail6,Tail6,Tail6,Tail12,Tail12,Tail12
coords,x,y,likelihood,x,y,likelihood,x,y,likelihood,x,y,likelihood,x,y,likelihood,x,y,likelihood,x,y,likelihood,x,y,likelihood,x,y,likelihood
FrameIdx,,,,,,,,,,,,,,,,,,,,,,,,,,,
150467,218.4973907470703,55.17790603637695,0.9999996423721313,179.55313110351562,71.66477966308594,0.9999969005584717,180.98875427246094,38.16224670410156,0.9999998807907104,176.47621154785156,54.47233963012695,0.9999991655349731,133.65618896484375,54.966888427734375,0.9999955892562866,81.43643951416016,56.8198127746582,0.9999992847442627,75.41279602050781,58.38801193237305,0.9999998807907104,24.22125244140625,50.654151916503906,0.9995390176773071,222.4115753173828,51.734073638916016,0.0002234704588772729
150468,221.921875,55.329673767089844,0.9999992847442627,183.59170532226562,72.08967590332031,0.9999935626983643,185.4552459716797,37.526790618896484,0.9999998807907104,180.69866943359375,54.70249938964844,0.9999992847442627,137.8113250732422,55.3408203125,0.9999964237213135,85.615478515625,57.1883659362793,0.9999996423721313,80.30656433105469,58.555633544921875,0.9999998807907104,28.06073760986328,50.03153610229492,0.9999032020568848,224.70692443847656,50.67965316772461,0.0002884567657019943
150469,225.8475799560547,55.2851448059082,0.9999998807907104,188.28587341308594,72.03368377685547,0.999996542930603,188.65269470214844,37.86376190185547,0.9999997615814209,184.98800659179688,55.00739669799805,0.9999988079071045,141.55441284179688,55.111385345458984,0.9999969005584717,88.93658447265625,57.57688522338867,0.9999985694885254,81.95845031738281,58.71320343017578,0.9999998807907104,31.054800033569336,49.93030548095703,0.999901533126831,228.13291931152344,49.38569641113281,0.00021887033653911203
150470,230.42111206054688,54.96939468383789,0.9999998807907104,192.73089599609375,71.42744445800781,0.9999954700469971,193.66343688964844,37.559410095214844,0.9999998807907104,189.54171752929688,54.31688690185547,0.9999995231628418,145.26649475097656,54.523372650146484,0.9999920129776001,91.19595336914062,57.64168167114258,0.9999992847442627,85.66230773925781,59.087432861328125,0.9999998807907104,33.94932556152344,51.85325622558594,0.9998949766159058,767.0357055664062,84.64750671386719,0.0002076257806038484
150471,234.6809844970703,54.85810470581055,0.9999997615814209,196.9130401611328,71.51628875732422,0.9999964237213135,197.74974060058594,37.42967224121094,0.9999998807907104,193.56727600097656,54.0582160949707,0.9999994039535522,148.777587890625,54.102474212646484,0.999993085861206,95.38251495361328,57.410282135009766,0.9999985694885254,89.57360076904297,58.8797492980957,0.9999997615814209,36.65923309326172,51.557289123535156,0.9998942613601685,238.44215393066406,50.789554595947266,0.0002704131475184113
150472,238.5387725830078,54.896034240722656,0.9999995231628418,200.46388244628906,71.28102111816406,0.9999959468841553,201.4641571044922,36.57958221435547,0.9999998807907104,197.2440643310547,53.69255828857422,0.9999992847442627,152.89492797851562,53.44375991821289,0.9999951124191284,98.44750213623047,56.447303771972656,0.9999994039535522,92.86396026611328,57.932044982910156,0.9999998807907104,42.264869689941406,50.939083099365234,0.9999713897705078,242.38095092773438,48.36915969848633,0.000403232203098014
150473,242.28489685058594,54.43412780761719,1.0,204.57525634765625,71.50556945800781,0.9999970197677612,204.48709106445312,36.098079681396484,0.9999998807907104,201.11993408203125,53.867919921875,0.9999991655349731,157.577880859375,52.88292694091797,0.9999970197677612,102.25410461425781,56.06427001953125,0.9999992847442627,96.09945678710938,57.27057647705078,0.9999995231628418,44.433738708496094,51.21237564086914,0.9999667406082153,244.62550354003906,48.38048553466797,0.0003350852057337761
150474,247.02377319335938,53.65813064575195,0.9999998807907104,209.3001251220703,70.97762298583984,0.9999971389770508,208.4175262451172,36.258243560791016,0.9999997615814209,205.33038330078125,53.052574157714844,0.9999996423721313,160.576171875,52.51153564453125,0.9999926090240479,106.51656341552734,54.86650085449219,0.9999996423721313,99.77957153320312,56.54359817504883,0.9999998807907104,45.8365592956543,51.51409149169922,0.9999247789382935,767.0029907226562,84.62798309326172,0.0002046085282927379
150475,251.2548828125,53.37375259399414,0.9999998807907104,213.5572967529297,70.57393646240234,0.9999973773956299,212.6987762451172,36.05504608154297,0.9999998807907104,209.3992462158203,52.90635299682617,0.9999995231628418,165.1116485595703,51.73101043701172,0.9999954700469971,111.39327239990234,54.08296203613281,0.9999995231628418,104.48690795898438,55.47296905517578,0.9999998807907104,48.66972351074219,51.528812408447266,0.9998871088027954,255.48379516601562,47.631473541259766,0.00035266581107862294
150476,254.91921997070312,52.76971435546875,0.9999997615814209,217.44671630859375,69.61065673828125,0.9999980926513672,216.2933349609375,36.229408264160156,0.9999996423721313,213.47348022460938,53.031681060791016,0.9999994039535522,169.24752807617188,51.544246673583984,0.9999951124191284,115.37429809570312,53.36692810058594,0.9999997615814209,108.44434356689453,54.29066848754883,1.0,51.815731048583984,51.571876525878906,0.9998013377189636,258.9913024902344,47.412628173828125,0.0009197854087688029
150477,259.2179260253906,52.6600227355957,1.0,221.9376678466797,70.21038055419922,0.9999970197677612,220.07369995117188,35.43477249145508,0.9999997615814209,217.8102569580078,53.083946228027344,0.9999991655349731,173.91741943359375,51.563201904296875,0.999996542930603,120.0595703125,52.80293273925781,0.9999986886978149,112.95033264160156,53.789222717285156,0.9999997615814209,60.22868347167969,53.063114166259766,0.9994063377380371,17.864023208618164,49.83647155761719,0.002619098173454404
150478,263.72540283203125,51.921810150146484,0.9999998807907104,225.79591369628906,69.93255615234375,0.999997615814209,224.6395721435547,35.938758850097656,0.9999997615814209,222.01901245117188,52.30674362182617,0.9999995231628418,177.7339324951172,51.44287109375,0.999994158744812,124.35624694824219,52.11275863647461,0.9999992847442627,117.31974792480469,53.325138092041016,0.9999998807907104,64.77002716064453,52.798057556152344,0.9998693466186523,18.254627227783203,44.90937042236328,0.007790337782353163
150479,268.3954162597656,52.18416976928711,0.9999998807907104,230.2216033935547,69.23809814453125,0.9999967813491821,228.63491821289062,36.01377487182617,0.9999998807907104,225.68418884277344,51.98260498046875,0.9999996423721313,181.92562866210938,50.72528839111328,0.9999960660934448,128.55963134765625,52.03153991699219,0.9999991655349731,122.22445678710938,52.8175048828125,0.9999998807907104,68.97212982177734,52.111446380615234,0.9999194145202637,20.148706436157227,42.885013580322266,0.0322975292801857
150480,271.66558837890625,51.978843688964844,0.9999998807907104,233.4373779296875,68.45173645019531,0.9999978542327881,232.26979064941406,35.33906173706055,0.9999995231628418,229.60403442382812,51.970542907714844,0.9999994039535522,186.57249450683594,50.49461364746094,0.9999967813491821,132.62701416015625,51.173274993896484,0.9999995231628418,126.16484069824219,51.73193359375,0.9999998807907104,73.56725311279297,51.4356575012207,0.9999643564224243,23.809423446655273,39.78538513183594,0.04863155633211136
150481,275.92578125,52.063140869140625,1.0,238.2201690673828,68.6746597290039,0.9999960660934448,236.519775390625,34.62288284301758,0.9999995231628418,233.90151977539062,51.89162063598633,0.9999992847442627,192.31936645507812,50.18278121948242,0.9999948740005493,137.41900634765625,50.90512466430664,0.9999963045120239,130.4420166015625,51.891170501708984,0.9999997615814209,78.44407653808594,51.114322662353516,0.9999619722366333,30.24920654296875,46.73023986816406,0.0637252926826477
150482,279.7372741699219,51.434242248535156,0.9999998807907104,242.0873565673828,68.95651245117188,0.9999979734420776,240.71058654785156,35.346797943115234,0.9999996423721313,238.5389862060547,51.1650505065918,0.9999997615814209,196.62774658203125,49.73472595214844,0.9999978542327881,142.5213165283203,50.47234344482422,0.9999979734420776,135.22064208984375,51.24324417114258,0.9999996423721313,82.06720733642578,50.419715881347656,0.9999879598617554,27.543672561645508,45.00310516357422,0.12929190695285797
150483,284.68353271484375,51.71368408203125,0.9999998807907104,246.88214111328125,68.42053985595703,0.9999963045120239,244.74403381347656,35.429683685302734,0.9999998807907104,241.90528869628906,51.12576675415039,0.9999997615814209,200.6226806640625,48.883609771728516,0.9999958276748657,145.37625122070312,49.978816986083984,0.9999992847442627,139.41671752929688,51.031429290771484,0.9999998807907104,86.06411743164062,49.8638916015625,0.9999847412109375,32.35844802856445,41.97779846191406,0.736842930316925
150484,288.74298095703125,51.43866729736328,0.9999998807907104,249.85789489746094,67.10742950439453,0.9999973773956299,248.05801391601562,34.946990966796875,0.9999992847442627,246.178955078125,51.474056243896484,0.9999994039535522,204.94851684570312,49.06830596923828,0.999996542930603,149.67616271972656,49.14352035522461,0.9999982118606567,143.41746520996094,49.88554382324219,0.9999996423721313,89.26178741455078,48.26145553588867,0.9999940395355225,31.843143463134766,40.05368423461914,0.9877886176109314
150485,293.28167724609375,51.58654022216797,1.0,255.0961456298828,67.6343765258789,0.9999929666519165,252.8488006591797,33.985042572021484,0.9999992847442627,249.8168182373047,51.070858001708984,0.9999988079071045,208.59385681152344,48.4807014465332,0.9999899864196777,154.2882080078125,48.320167541503906,0.9999916553497314,147.2475128173828,50.107749938964844,0.9999984502792358,92.36931610107422,47.89771270751953,0.999993085861206,31.351213455200195,40.10452651977539,0.9988973140716553
150486,297.8409423828125,51.39261245727539,0.9999998807907104,259.9229736328125,68.31752014160156,0.9999970197677612,257.72467041015625,34.84617614746094,0.9999996423721313,255.44015502929688,50.58951950073242,0.9999994039535522,213.8807373046875,47.967735290527344,0.9999794960021973,158.18194580078125,48.31410598754883,0.9999823570251465,151.09852600097656,49.042842864990234,0.9999966621398926,97.32865142822266,47.564910888671875,0.9999920129776001,33.82640075683594,39.968196868896484,0.9998533725738525
150487,302.7575988769531,51.21971130371094,0.9999998807907104,263.63140869140625,67.3242416381836,0.9999946355819702,261.8427734375,35.440120697021484,0.9999996423721313,259.1261901855469,51.05897521972656,0.9999995231628418,218.14920043945312,47.63829803466797,0.9999746084213257,162.51966857910156,48.40802001953125,0.999990701675415,155.29800415039062,48.65282440185547,0.9999984502792358,101.37906646728516,47.53807067871094,0.9999964237213135,36.646583557128906,40.14786148071289,0.9997418522834778
150488,306.7110595703125,51.301353454589844,1.0,267.95611572265625,67.14911651611328,0.9999973773956299,266.8933410644531,34.37826919555664,0.9999994039535522,263.9730224609375,51.366790771484375,0.9999973773956299,222.31211853027344,47.97394943237305,0.9999895095825195,167.68215942382812,49.285552978515625,0.9999932050704956,159.65577697753906,49.025184631347656,0.9999991655349731,104.59428405761719,47.61705780029297,0.999991774559021,38.06630325317383,39.29785919189453,0.9995884299278259
150489,311.33575439453125,51.255836486816406,0.9999998807907104,272.3717041015625,68.66632080078125,0.9999953508377075,272.2400207519531,35.307403564453125,0.9999996423721313,269.422119140625,51.096038818359375,0.9999995231628418,225.7327117919922,48.60768127441406,0.9999852180480957,171.74569702148438,48.17414093017578,0.9999940395355225,164.0687713623047,48.8508415222168,0.9999997615814209,109.80459594726562,47.3863639831543,0.9999943971633911,38.923892974853516,40.25846862792969,0.9971548318862915
150490,316.475830078125,51.455501556396484,0.9999998807907104,277.2185363769531,69.29039764404297,0.9999967813491821,277.5352783203125,35.96576690673828,0.9999998807907104,273.74383544921875,52.22808837890625,0.9999996423721313,230.00448608398438,48.769683837890625,0.9999921321868896,176.41554260253906,48.90235137939453,0.9999967813491821,168.9808807373047,48.96421432495117,0.9999998807907104,117.72305297851562,45.941368103027344,0.9999977350234985,55.67818069458008,46.01841354370117,0.9983435869216919
150491,320.86407470703125,51.641502380371094,0.9999998807907104,280.79315185546875,69.40797424316406,0.9999974966049194,281.8695373535156,36.11606216430664,0.9999997615814209,279.3109130859375,52.90290451049805,0.9999990463256836,234.74095153808594,49.198089599609375,0.9999935626983643,180.59385681152344,49.272193908691406,0.9999994039535522,173.25192260742188,49.55885314941406,1.0,124.09371185302734,45.71308898925781,0.9999979734420776,62.58467483520508,43.614070892333984,0.9997853636741638
150492,325.36993408203125,51.89155960083008,1.0,286.4559020996094,70.36641693115234,0.9999945163726807,287.3406982421875,35.931575775146484,0.9999997615814209,284.1461486816406,52.65933609008789,0.9999996423721313,239.92100524902344,49.56103515625,0.9999858140945435,184.7828826904297,50.16034698486328,0.9999982118606567,176.72154235839844,50.83106994628906,0.9999998807907104,128.1544647216797,44.354156494140625,0.9999963045120239,67.19247436523438,44.12372970581055,0.9999866485595703
150493,329.9370422363281,51.492576599121094,0.9999998807907104,290.4056396484375,70.4544677734375,0.9999972581863403,292.28424072265625,36.34861373901367,0.9999998807907104,288.5181579589844,52.775962829589844,0.9999995231628418,243.50946044921875,50.0372428894043,0.9999905824661255,190.00665283203125,50.10029602050781,0.9999998807907104,182.55322265625,51.42690658569336,1.0,133.0106964111328,44.985374450683594,0.9999986886978149,69.74745178222656,44.43019485473633,0.9999828338623047
150494,334.3099365234375,52.63182830810547,0.9999996423721313,294.22247314453125,70.27143096923828,0.9999922513961792,296.79638671875,36.418418884277344,0.9999997615814209,293.354736328125,53.02730178833008,0.9999995231628418,248.33775329589844,50.08863830566406,0.9999911785125732,194.46978759765625,51.24378967285156,0.9999998807907104,187.44564819335938,52.163387298583984,1.0,136.45901489257812,45.539302825927734,0.9999961853027344,72.54966735839844,43.54990005493164,0.9999911785125732
150495,339.1146240234375,52.702354431152344,1.0,299.8619689941406,70.57028198242188,0.9999959468841553,300.6796569824219,35.89136505126953,0.9999998807907104,297.8139343261719,53.11221694946289,0.9999991655349731,253.90809631347656,50.72250747680664,0.9999958276748657,199.72518920898438,52.16416549682617,0.9999998807907104,191.11573791503906,52.604759216308594,1.0,141.45712280273438,46.21235656738281,0.9999960660934448,76.88175201416016,44.31098556518555,0.999992847442627
150496,343.6712341308594,52.40389633178711,0.9999998807907104,304.53936767578125,70.32273864746094,0.9999949932098389,305.4521789550781,36.37982940673828,0.9999998807907104,303.02484130859375,52.54579162597656,0.9999996423721313,258.8364562988281,51.278743743896484,0.999995231628418,204.09860229492188,52.348079681396484,0.9999998807907104,196.6780242919922,53.06188201904297,1.0,143.48080444335938,46.24739074707031,0.9999867677688599,78.4499740600586,44.923980712890625,0.9999855756759644
150497,348.6625061035156,52.41376876831055,0.9999997615814209,309.20635986328125,70.35733795166016,0.9999958276748657,310.4986572265625,36.8682861328125,0.9999998807907104,307.7238464355469,53.27608108520508,0.9999997615814209,264.0590515136719,51.30720901489258,0.9999929666519165,209.24488830566406,52.79414367675781,0.9999998807907104,202.69549560546875,53.27151870727539,1.0,149.12686157226562,46.95201873779297,0.999994158744812,85.22628021240234,44.326725006103516,0.9999959468841553
150498,352.912109375,52.315975189208984,0.9999998807907104,313.1214294433594,70.1007080078125,0.9999966621398926,315.0585021972656,36.42118835449219,0.9999997615814209,312.1773681640625,53.37877655029297,0.9999982118606567,269.3563232421875,52.06320571899414,0.9999979734420776,214.92344665527344,53.54317855834961,0.9999998807907104,207.97750854492188,53.611534118652344,0.9999998807907104,154.86077880859375,47.637813568115234,0.9999895095825195,89.55294036865234,44.48567199707031,0.9999755620956421
150499,357.5190124511719,52.21306610107422,1.0,318.67919921875,70.65731048583984,0.9999889135360718,319.7272033691406,36.89031219482422,0.9999996423721313,317.2137451171875,53.21836471557617,0.9999996423721313,273.49591064453125,52.475955963134766,0.9999946355819702,218.5400390625,53.755096435546875,0.9999998807907104,211.61947631835938,54.0440788269043,1.0,158.49732971191406,47.78246307373047,0.9999831914901733,92.60343170166016,44.51282501220703,0.999956488609314
150500,362.47918701171875,52.0429801940918,0.9999997615814209,322.20855712890625,70.54605102539062,0.9999955892562866,324.361083984375,37.28401184082031,0.9999998807907104,321.52935791015625,53.37224578857422,0.9999996423721313,278.5949401855469,52.5169792175293,0.9999942779541016,223.35299682617188,54.44359588623047,0.9999997615814209,217.3214569091797,55.069923400878906,1.0,164.1334228515625,48.57182312011719,0.9999961853027344,99.24995422363281,43.19391632080078,0.999981164932251
150501,366.4375,52.252323150634766,0.9999996423721313,326.61285400390625,71.35758972167969,0.9999918937683105,329.4478759765625,37.06963348388672,0.9999997615814209,326.61749267578125,54.00155258178711,0.9999994039535522,283.5885009765625,53.21220397949219,0.9999985694885254,228.9351806640625,54.953125,0.9999998807907104,222.74093627929688,54.92261505126953,1.0,170.20648193359375,48.51955795288086,0.9999871253967285,104.08647155761719,43.31714630126953,0.9999569654464722
150502,371.5875549316406,52.53769302368164,1.0,332.6984558105469,71.09776306152344,0.9999943971633911,332.3448181152344,37.06675720214844,0.9999997615814209,330.8905334472656,54.042240142822266,0.9999992847442627,287.903564453125,53.585166931152344,0.9999967813491821,233.86865234375,56.01622772216797,0.9999996423721313,226.6319122314453,56.40711975097656,0.9999998807907104,174.8141326904297,48.743648529052734,0.9999810457229614,110.00067901611328,43.82978057861328,0.9999767541885376
150503,376.19268798828125,52.058631896972656,0.9999997615814209,337.1301574707031,70.83882141113281,0.9999960660934448,338.505615234375,38.21311569213867,0.9999998807907104,336.1105651855469,53.51263427734375,0.9999992847442627,292.1256103515625,53.78179931640625,0.9999953508377075,238.69268798828125,57.2724494934082,0.9999992847442627,232.09556579589844,57.776390075683594,0.9999997615814209,180.2703399658203,50.206111907958984,0.9999983310699463,113.90321350097656,44.57258605957031,0.9999849796295166
150504,381.8457946777344,52.900047302246094,0.9999996423721313,342.3776550292969,71.0236587524414,0.9999932050704956,343.46649169921875,37.74176788330078,0.9999995231628418,340.4177551269531,54.1320915222168,0.9999995231628418,295.9261474609375,53.30523681640625,0.9999940395355225,242.53733825683594,56.76261901855469,0.9999998807907104,236.80419921875,57.70737075805664,0.9999998807907104,186.53482055664062,51.13737869262695,0.9999947547912598,119.71817779541016,44.87759017944336,0.9999668598175049
150505,386.2492370605469,53.073890686035156,1.0,348.2998352050781,70.8358154296875,0.9999955892562866,347.5688781738281,36.85005569458008,0.9999997615814209,345.644287109375,53.80472946166992,0.9999985694885254,301.4078063964844,52.89168167114258,0.9999973773956299,247.5334014892578,56.86556625366211,0.9999994039535522,240.981201171875,57.52507781982422,0.9999998807907104,189.89320373535156,52.04301452636719,0.9999903440475464,122.55760955810547,44.90377426147461,0.9999656677246094
150506,391.305419921875,52.104705810546875,0.9999998807907104,353.31158447265625,70.57551574707031,0.9999961853027344,352.9597473144531,36.76823043823242,0.9999997615814209,350.53125,52.556861877441406,0.9999992847442627,305.5931091308594,53.13945388793945,0.9999936819076538,252.11727905273438,57.373165130615234,0.9999994039535522,245.4525604248047,57.7286376953125,0.9999998807907104,194.76588439941406,53.0941047668457,0.9999985694885254,127.80880737304688,46.486019134521484,0.9999701976776123
150507,397.4472351074219,51.93641662597656,0.9999998807907104,359.3420715332031,70.41252136230469,0.9999935626983643,358.0307312011719,36.624385833740234,0.9999997615814209,355.62091064453125,53.26511764526367,0.9999995231628418,310.45947265625,52.512939453125,0.9999932050704956,255.95814514160156,56.501976013183594,0.9999992847442627,249.96131896972656,58.084320068359375,0.9999998807907104,198.65896606445312,53.47686767578125,0.999996542930603,129.25001525878906,46.628631591796875,0.9999806880950928
150508,401.29742431640625,51.68198013305664,0.9999998807907104,364.26019287109375,70.49562072753906,0.9999973773956299,362.5003662109375,36.46947479248047,0.9999997615814209,361.13323974609375,53.59646224975586,0.9999982118606567,317.31549072265625,52.70750427246094,0.9999972581863403,261.61956787109375,56.10307312011719,0.9999994039535522,255.22669982910156,57.18303680419922,0.9999996423721313,203.10772705078125,53.986907958984375,0.9999949932098389,134.1602020263672,46.49049758911133,0.9999790191650391
150509,406.3378601074219,50.3889045715332,0.9999998807907104,369.71014404296875,70.45047760009766,0.9999984502792358,366.8493347167969,36.15520477294922,0.9999994039535522,365.85211181640625,52.82118225097656,0.9999994039535522,320.79095458984375,52.74466323852539,0.9999914169311523,266.7532043457031,55.33902359008789,0.9999988079071045,259.8005676269531,56.43330001831055,0.9999997615814209,207.2974395751953,54.294677734375,0.9999951124191284,139.28759765625,46.82229232788086,0.9999672174453735
150510,411.9920959472656,49.52424240112305,0.9999998807907104,375.2890625,69.79904174804688,0.9999940395355225,372.6311950683594,36.5734977722168,0.9999997615814209,370.4046936035156,52.9543571472168,0.9999992847442627,325.15863037109375,52.72945785522461,0.9999939203262329,271.6916809082031,55.411720275878906,0.9999990463256836,264.8395080566406,56.41954040527344,0.9999997615814209,212.8768310546875,54.64347839355469,0.9999988079071045,143.60772705078125,47.18505096435547,0.9999731779098511
150511,416.251708984375,49.81705856323242,0.9999997615814209,380.1180725097656,69.05838775634766,0.9999967813491821,375.8862609863281,36.61732482910156,0.9999991655349731,374.9490661621094,53.530418395996094,0.9999980926513672,329.8277282714844,53.21217346191406,0.9999924898147583,276.35455322265625,55.48930358886719,0.9999994039535522,269.59649658203125,56.27518844604492,0.9999998807907104,217.0828857421875,54.41788864135742,0.9999945163726807,148.9319610595703,46.90574645996094,0.9999891519546509
150512,421.25738525390625,49.33784103393555,0.9999998807907104,385.5195007324219,69.72492980957031,0.9999960660934448,380.14105224609375,36.22163009643555,0.9999994039535522,379.7109375,52.94651412963867,0.9999984502792358,334.7146301269531,53.431419372558594,0.9999932050704956,281.0211181640625,55.250282287597656,0.9999980926513672,274.4400329589844,56.058753967285156,0.9999997615814209,221.96438598632812,55.02450942993164,0.9999929666519165,152.99314880371094,47.67206573486328,0.9999613761901855
150513,426.3272705078125,49.17704772949219,0.9999998807907104,390.6719055175781,68.93621826171875,0.9999934434890747,386.18682861328125,36.4072265625,0.9999995231628418,383.923095703125,52.40781021118164,0.9999978542327881,338.69354248046875,53.06489181518555,0.9999935626983643,286.5644836425781,55.427616119384766,0.9999991655349731,279.2771911621094,56.1984977722168,0.9999997615814209,226.8203582763672,54.84984588623047,0.9999990463256836,158.0455780029297,48.52920150756836,0.9999830722808838
150514,431.1218566894531,49.75003433227539,0.9999997615814209,394.78466796875,67.39537811279297,0.9999970197677612,390.7799377441406,35.854652404785156,0.9999991655349731,388.2813415527344,52.43767166137695,0.999998927116394,344.1814270019531,52.470558166503906,0.999992847442627,290.6365661621094,56.54388427734375,0.9999994039535522,284.6766662597656,57.13356018066406,0.9999997615814209,230.5275421142578,54.85810470581055,0.9999973773956299,161.57904052734375,49.97554397583008,0.9999949932098389
150515,435.1141357421875,50.12832260131836,0.9999998807907104,399.8404541015625,68.609375,0.999991774559021,395.1551208496094,35.04946517944336,0.9999992847442627,393.7493896484375,51.87190246582031,0.9999982118606567,351.71673583984375,51.93650817871094,0.9999948740005493,296.68524169921875,56.221370697021484,0.9999969005584717,289.3427429199219,56.99155807495117,0.9999991655349731,235.2527313232422,55.041561126708984,0.9999921321868896,166.84751892089844,49.62849044799805,0.9999935626983643
150516,440.02069091796875,50.74789810180664,0.9999997615814209,404.3623046875,68.51121520996094,0.9999966621398926,400.6797180175781,35.72842025756836,0.9999990463256836,399.1942138671875,51.20501708984375,0.9999988079071045,356.2393493652344,51.49662780761719,0.9999960660934448,302.0762634277344,56.20682144165039,0.9999991655349731,295.41448974609375,57.115413665771484,0.9999991655349731,240.4150848388672,54.96597671508789,0.9999958276748657,171.23931884765625,50.759307861328125,0.9999945163726807
150517,445.7331237792969,50.89918899536133,0.9999998807907104,408.2915954589844,67.7469253540039,0.999995231628418,405.9903564453125,35.54610824584961,0.9999994039535522,403.3343811035156,51.29792022705078,0.9999992847442627,361.2351989746094,51.1097526550293,0.9999957084655762,306.77423095703125,55.86406707763672,0.9999992847442627,300.131103515625,57.45183181762695,0.9999997615814209,245.4230194091797,55.35578155517578,0.9999972581863403,176.7565155029297,51.12544250488281,0.9999963045120239
150518,449.89788818359375,51.36101150512695,0.9999998807907104,413.8462829589844,67.32026672363281,0.9999966621398926,410.0530700683594,34.83584213256836,0.999998927116394,407.7995910644531,51.39067077636719,0.999996542930603,365.9559326171875,51.21470642089844,0.9999947547912598,311.5797424316406,56.394386291503906,0.9999977350234985,304.11614990234375,57.1883430480957,0.9999983310699463,250.0049591064453,56.084251403808594,0.9999829530715942,181.0421905517578,51.93488693237305,0.999996542930603
150519,454.7568359375,51.17428207397461,0.9999998807907104,417.7257080078125,67.9964828491211,0.9999964237213135,415.0097961425781,35.070648193359375,0.9999966621398926,413.43170166015625,50.72771072387695,0.9999991655349731,370.2872619628906,51.101863861083984,0.9999887943267822,316.270751953125,56.437232971191406,0.9999983310699463,309.3641052246094,57.28090286254883,0.9999992847442627,254.95802307128906,56.716102600097656,0.9999872446060181,185.27015686035156,52.94910430908203,0.9999912977218628
150520,459.963134765625,50.95370864868164,0.9999998807907104,422.58538818359375,68.69571685791016,0.9999954700469971,421.1121520996094,35.12316131591797,0.9999996423721313,418.5337829589844,51.44388961791992,0.9999994039535522,373.07867431640625,51.7047119140625,0.9999933242797852,320.6662902832031,56.3792839050293,0.9999984502792358,314.4618835449219,57.436729431152344,0.9999997615814209,260.2482604980469,57.264015197753906,0.999996542930603,191.0996856689453,53.180564880371094,0.9999872446060181
150521,463.95635986328125,51.571563720703125,0.9999998807907104,426.1236877441406,69.76527404785156,0.9999972581863403,425.88433837890625,35.991580963134766,0.9999997615814209,424.15478515625,52.81439208984375,0.9999980926513672,379.4281005859375,52.228755950927734,0.999996542930603,325.6872253417969,56.03866195678711,0.9999995231628418,319.36883544921875,56.85619354248047,0.9999997615814209,265.6528015136719,57.384422302246094,0.99998939037323,195.92417907714844,55.20275115966797,0.9999914169311523
150522,469.2821350097656,51.49226760864258,0.9999998807907104,431.8664855957031,70.00086975097656,0.999994158744812,430.685791015625,36.40571594238281,0.9999996423721313,429.0995788574219,52.49027633666992,0.9999995231628418,384.6518249511719,52.712581634521484,0.9999910593032837,330.9276428222656,56.389129638671875,0.9999990463256836,323.7511291503906,57.347938537597656,0.9999998807907104,271.007080078125,57.6870002746582,0.9999878406524658,200.12387084960938,56.595951080322266,0.9999747276306152
150523,473.9705505371094,51.68302536010742,0.9999998807907104,436.5030822753906,70.01307678222656,0.9999970197677612,436.8525695800781,35.91119384765625,0.9999998807907104,434.41278076171875,52.67915725708008,0.9999996423721313,388.74261474609375,51.958412170410156,0.9999933242797852,335.51092529296875,57.04060745239258,0.9999985694885254,328.4539794921875,57.986602783203125,0.9999997615814209,276.3701171875,57.86030197143555,0.9999963045120239,206.4265899658203,58.0712776184082,0.9999772310256958
150524,478.3174133300781,52.04322052001953,0.9999997615814209,440.0190124511719,70.69371032714844,0.9999967813491821,441.544921875,36.55218505859375,0.9999998807907104,439.04388427734375,53.472023010253906,0.9999990463256836,394.1185607910156,52.0815315246582,0.9999947547912598,338.9787292480469,57.15663528442383,0.9999996423721313,333.0592041015625,58.335594177246094,0.9999998807907104,279.8433532714844,58.26226806640625,0.9999821186065674,209.91384887695312,59.39994430541992,0.9999915361404419
150525,482.5594177246094,52.69904327392578,1.0,446.2716064453125,71.01529693603516,0.9999947547912598,445.03814697265625,36.954654693603516,0.9999998807907104,443.2578430175781,53.49920654296875,0.9999995231628418,399.1182556152344,52.83248519897461,0.9999953508377075,344.937255859375,57.74346160888672,0.9999990463256836,338.07342529296875,58.8780517578125,0.9999998807907104,286.0548095703125,58.886756896972656,0.9999865293502808,215.76779174804688,60.617332458496094,0.9999758005142212
150526,487.4770812988281,52.4227294921875,0.9999998807907104,449.766845703125,71.04497528076172,0.999995231628418,450.1473693847656,36.5025520324707,0.9999998807907104,447.695068359375,52.97555160522461,0.9999994039535522,402.59600830078125,53.45535659790039,0.9999934434890747,350.0400695800781,58.38544845581055,0.9999994039535522,342.69598388671875,59.7913703918457,0.9999998807907104,290.397216796875,59.061973571777344,0.9999957084655762,221.2812042236328,62.62022018432617,0.9999805688858032
150527,491.49139404296875,52.928985595703125,0.9999998807907104,453.8489990234375,71.05601501464844,0.9999943971633911,455.05059814453125,36.33366775512695,0.9999998807907104,452.43707275390625,53.2027587890625,0.9999996423721313,407.7784423828125,52.951316833496094,0.9999887943267822,354.3202819824219,58.43090057373047,0.9999998807907104,347.93414306640625,60.13682556152344,0.9999998807907104,295.2223815917969,59.952354431152344,0.999992847442627,226.02911376953125,62.53597640991211,0.9999901056289673
150528,495.4010925292969,53.043521881103516,0.9999998807907104,457.584228515625,71.53060150146484,0.9999969005584717,458.9263610839844,36.63747024536133,0.9999998807907104,456.568115234375,53.70583724975586,0.999998927116394,413.5915222167969,54.07088088989258,0.9999977350234985,360.177978515625,59.00860595703125,0.9999996423721313,352.8901062011719,60.10712432861328,0.9999998807907104,299.4266052246094,60.20446014404297,0.999992847442627,231.91856384277344,62.5838737487793,0.9999808073043823
150529,499.6408996582031,53.44463348388672,1.0,462.3381042480469,71.35018920898438,0.9999899864196777,463.3316650390625,36.855464935302734,0.9999997615814209,461.0093994140625,53.32561492919922,0.9999997615814209,418.6619567871094,54.58976745605469,0.9999945163726807,365.02056884765625,59.33510208129883,0.9999991655349731,357.7978515625,60.62266159057617,0.9999998807907104,303.943603515625,59.979827880859375,0.9999897480010986,237.0822296142578,62.43422317504883,0.999993085861206
150530,504.93719482421875,53.053192138671875,0.9999996423721313,466.8575134277344,71.3768081665039,0.999997615814209,468.1051940917969,37.194053649902344,0.9999998807907104,465.44805908203125,53.48394012451172,0.9999997615814209,424.0132141113281,54.62430953979492,0.9999909400939941,369.4482421875,58.92081069946289,0.9999998807907104,363.5730285644531,60.85837936401367,0.9999998807907104,309.1058349609375,60.59065246582031,0.9999949932098389,240.31309509277344,62.80227279663086,0.9999924898147583
150531,508.8324279785156,53.34505081176758,0.9999997615814209,470.8655700683594,71.50707244873047,0.9999936819076538,472.5749206542969,37.284027099609375,0.9999997615814209,470.2586669921875,53.84751510620117,0.9999995231628418,427.31719970703125,55.571632385253906,0.999996542930603,374.0097351074219,59.932830810546875,0.9999998807907104,367.6211853027344,61.24250411987305,0.9999997615814209,313.6744079589844,60.68666076660156,0.9999911785125732,246.4522247314453,62.08811950683594,0.9999921321868896
150532,512.892822265625,53.612579345703125,0.9999998807907104,476.3093566894531,71.66371154785156,0.999996542930603,476.2998962402344,37.49954605102539,0.9999998807907104,474.7849426269531,54.2569580078125,0.9999995231628418,431.1628723144531,55.62229537963867,0.999993085861206,378.107421875,60.97150421142578,0.9999992847442627,371.2974548339844,61.77682876586914,0.9999998807907104,317.8791809082031,60.87578201293945,0.9999853372573853,249.54747009277344,62.01890182495117,0.9999873638153076
150533,517.97607421875,52.926422119140625,0.9999998807907104,480.97406005859375,71.59595489501953,0.9999948740005493,481.2010498046875,37.783966064453125,0.9999998807907104,479.45281982421875,53.815696716308594,0.9999995231628418,435.433349609375,55.47317886352539,0.9999936819076538,382.5699157714844,61.1973762512207,0.9999992847442627,375.7023620605469,62.58441925048828,0.9999997615814209,322.0328063964844,60.67564010620117,0.999992847442627,254.7136688232422,62.048152923583984,0.9999892711639404
150534,522.671630859375,53.01471710205078,0.9999998807907104,486.0047302246094,71.52288055419922,0.9999936819076538,486.0492858886719,37.63905334472656,0.9999998807907104,484.0860900878906,54.001800537109375,0.9999996423721313,439.6908264160156,55.16252517700195,0.9999886751174927,386.82550048828125,61.085670471191406,0.9999998807907104,381.00994873046875,62.46803665161133,0.9999998807907104,327.8695068359375,61.81288528442383,0.9999880790710449,259.6994934082031,60.459083557128906,0.9999959468841553
150535,527.5861206054688,52.556556701660156,0.9999998807907104,490.582275390625,71.9187240600586,0.9999953508377075,490.52313232421875,37.32048416137695,0.9999998807907104,489.009033203125,54.427249908447266,0.9999985694885254,444.33251953125,54.80168151855469,0.9999966621398926,391.1245422363281,60.807159423828125,0.9999998807907104,384.6498107910156,62.9075813293457,0.9999997615814209,332.3875427246094,62.144893646240234,0.9999947547912598,264.93829345703125,60.671329498291016,0.9999890327453613
150536,532.1080932617188,52.454803466796875,1.0,496.16961669921875,70.7588119506836,0.9999943971633911,495.1067810058594,36.842308044433594,0.9999996423721313,493.2005310058594,53.21393585205078,0.9999995231628418,448.05364990234375,54.25447463989258,0.9999933242797852,394.6434326171875,60.765838623046875,0.9999995231628418,387.8445129394531,62.81401062011719,1.0,336.5484313964844,63.055091857910156,0.9999945163726807,269.239990234375,60.18435287475586,0.9999874830245972
150537,536.6566162109375,51.95293426513672,0.9999997615814209,501.22021484375,70.24832916259766,0.9999966621398926,500.2897033691406,36.08656311035156,0.9999998807907104,498.1229553222656,52.67302703857422,0.9999995231628418,452.3851318359375,53.614990234375,0.999992847442627,399.57867431640625,60.16824722290039,0.9999995231628418,392.6979675292969,61.88833236694336,0.9999997615814209,341.36639404296875,63.493221282958984,0.9999978542327881,272.4356689453125,60.400264739990234,0.9999908208847046
150538,541.4029541015625,51.5181770324707,0.9999997615814209,505.4387512207031,70.06072235107422,0.9999966621398926,504.3658752441406,35.95191955566406,0.9999996423721313,502.427978515625,52.83443832397461,0.9999991655349731,457.53118896484375,53.012821197509766,0.9999934434890747,402.56549072265625,59.49577713012695,0.9999998807907104,397.3174743652344,62.29962158203125,0.9999998807907104,345.2350158691406,63.75469970703125,0.9999914169311523,278.20831298828125,59.00038146972656,0.9999938011169434
150539,545.4515991210938,51.04206466674805,1.0,510.97540283203125,69.48280334472656,0.9999945163726807,507.4576721191406,35.866546630859375,0.9999997615814209,506.8437805175781,52.88827896118164,0.9999990463256836,462.42730712890625,53.76752471923828,0.9999967813491821,407.7133483886719,58.58742141723633,0.9999995231628418,401.5108947753906,60.44163513183594,0.9999998807907104,349.9227294921875,63.652305603027344,0.9999891519546509,282.30413818359375,57.820716857910156,0.9999752044677734
150540,550.704345703125,50.06755065917969,0.9999998807907104,515.728759765625,69.17320251464844,0.9999980926513672,512.5474853515625,36.321102142333984,0.9999996423721313,511.6568908691406,52.02850341796875,0.999998927116394,465.7361145019531,53.38762283325195,0.9999924898147583,412.46905517578125,57.70223617553711,0.9999994039535522,405.57171630859375,59.313682556152344,1.0,355.3877258300781,63.75912094116211,0.9999985694885254,287.49005126953125,57.9454345703125,0.9999865293502808
150541,555.2379150390625,49.50807189941406,0.9999997615814209,520.0325317382812,68.6044921875,0.9999963045120239,517.5068359375,36.2891731262207,0.9999997615814209,516.0697021484375,52.05427551269531,0.9999994039535522,469.8052062988281,52.678672790527344,0.9999909400939941,416.81671142578125,57.33083724975586,0.9999994039535522,410.5636901855469,59.12602233886719,0.9999997615814209,359.50323486328125,63.496726989746094,0.9999920129776001,291.2359313964844,56.813716888427734,0.9999915361404419
150542,559.7227172851562,49.27705383300781,0.9999998807907104,524.8507690429688,68.14949798583984,0.9999972581863403,520.8104248046875,36.171268463134766,0.9999994039535522,519.8906860351562,52.40013885498047,0.9999967813491821,474.2864990234375,52.741615295410156,0.999991774559021,421.6932373046875,56.826019287109375,0.9999995231628418,416.33660888671875,58.582576751708984,0.9999994039535522,364.5731506347656,62.73638153076172,0.999991774559021,297.1905212402344,56.82676315307617,0.9999852180480957
150543,563.7859497070312,48.746368408203125,0.9999998807907104,528.524658203125,67.99480438232422,0.9999954700469971,524.6319580078125,35.62275314331055,0.9999992847442627,523.7212524414062,51.44142150878906,0.9999990463256836,478.21868896484375,53.42885971069336,0.9999936819076538,425.9225158691406,56.61219024658203,0.9999985694885254,419.9456787109375,57.66333770751953,0.9999998807907104,368.6158142089844,61.78360366821289,0.9999922513961792,301.0859069824219,55.96181869506836,0.9999920129776001
150544,568.101806640625,48.88140106201172,0.9999996423721313,534.0499267578125,68.05754852294922,0.9999967813491821,529.733154296875,36.236873626708984,0.9999996423721313,528.431884765625,51.60789489746094,0.999998927116394,483.554443359375,52.63862228393555,0.9999946355819702,430.7445373535156,57.089088439941406,0.9999977350234985,424.5316162109375,57.83228302001953,0.9999995231628418,372.3704833984375,61.22346496582031,0.9999967813491821,303.8058776855469,57.28883743286133,0.9999877214431763
150545,572.8994750976562,48.703495025634766,0.9999997615814209,537.714599609375,67.20484161376953,0.9999971389770508,533.9903564453125,36.0930061340332,0.9999996423721313,532.8986206054688,51.598915100097656,0.9999994039535522,489.5606689453125,51.89289093017578,0.999995231628418,435.4862060546875,56.8201789855957,0.9999992847442627,429.78228759765625,57.78138732910156,0.9999996423721313,376.43719482421875,61.04671096801758,0.9999871253967285,309.9679870605469,56.45431137084961,0.9999929666519165
150546,577.28759765625,48.63295364379883,0.9999998807907104,542.883056640625,67.11265563964844,0.9999943971633911,538.248779296875,35.76451110839844,0.9999995231628418,537.8603515625,51.48548126220703,0.9999990463256836,495.2154235839844,51.77119445800781,0.9999932050704956,440.1304016113281,56.60875701904297,0.9999971389770508,433.6207275390625,57.957576751708984,0.9999996423721313,380.0481872558594,60.183692932128906,0.999993085861206,313.0706787109375,56.390968322753906,0.9999827146530151
150547,581.6046752929688,49.00887680053711,0.9999998807907104,547.7014770507812,67.9200210571289,0.9999973773956299,543.2697143554688,35.86884307861328,0.9999986886978149,542.5282592773438,50.89059066772461,0.9999992847442627,499.06353759765625,51.083229064941406,0.999995231628418,444.619873046875,56.45307159423828,0.9999990463256836,438.1716613769531,57.82444763183594,0.9999997615814209,385.5560607910156,59.331748962402344,0.9999945163726807,318.99969482421875,56.182613372802734,0.9999924898147583
150548,586.3311767578125,48.43648910522461,0.9999997615814209,551.0205688476562,66.98189544677734,0.9999943971633911,548.0997924804688,35.53791427612305,0.9999995231628418,546.6937866210938,50.48636245727539,0.9999994039535522,504.4460144042969,50.387149810791016,0.9999887943267822,448.5765380859375,55.8438835144043,0.999997615814209,441.9566345214844,57.58127212524414,0.9999996423721313,389.9458312988281,59.18656921386719,0.9999923706054688,322.8361511230469,56.45875930786133,0.9999961853027344
150549,590.6851196289062,48.75641632080078,0.9999996423721313,556.3684692382812,66.05803680419922,0.9999972581863403,552.0477905273438,34.42032241821289,0.9999972581863403,550.7977905273438,50.49245834350586,0.9999980926513672,508.4640808105469,50.71491622924805,0.9999939203262329,453.5915832519531,55.83578872680664,0.9999986886978149,447.96038818359375,57.13990020751953,0.999998927116394,394.0425109863281,59.07870864868164,0.9999873638153076,327.6866760253906,56.71262741088867,0.9999908208847046
150550,595.271240234375,48.06182098388672,0.9999998807907104,560.4576416015625,66.564453125,0.9999954700469971,556.8419799804688,33.62553787231445,0.9999980926513672,555.7815551757812,49.75729751586914,0.9999991655349731,512.2077026367188,50.29752731323242,0.9999700784683228,457.14141845703125,55.241302490234375,0.9999953508377075,450.7511901855469,56.543087005615234,0.999998927116394,398.557861328125,58.758460998535156,0.9999903440475464,332.54107666015625,55.58557891845703,0.9999957084655762
150551,599.90478515625,48.118099212646484,0.9999996423721313,565.4029541015625,65.84093475341797,0.9999963045120239,561.9888305664062,34.595306396484375,0.9999990463256836,560.9177856445312,49.62513732910156,0.9999990463256836,518.0385131835938,50.01173400878906,0.9999629259109497,462.510498046875,55.512481689453125,0.9999954700469971,455.91192626953125,56.57966613769531,0.9999978542327881,402.6452331542969,57.827354431152344,0.9999938011169434,335.1432189941406,56.81916427612305,0.9999847412109375
150552,604.7267456054688,47.778526306152344,0.9999997615814209,568.8156127929688,66.07500457763672,0.9999973773956299,566.9639892578125,33.9921989440918,0.9999984502792358,566.376220703125,49.85569381713867,0.9999990463256836,523.2413940429688,49.16432571411133,0.9997801184654236,467.2295837402344,55.010215759277344,0.999605119228363,459.93560791015625,56.505130767822266,0.9999268054962158,407.4170227050781,57.08003234863281,0.9999656677246094,340.6319274902344,56.56890869140625,0.9999951124191284
150553,609.1090698242188,47.85053253173828,0.9999998807907104,574.3323364257812,66.93885040283203,0.9999948740005493,571.56298828125,34.372703552246094,0.9999994039535522,570.6593017578125,50.30320358276367,0.9999991655349731,524.7220458984375,51.58915710449219,0.9999892711639404,471.4947509765625,55.48793411254883,0.9999980926513672,463.91448974609375,55.737770080566406,0.9999992847442627,412.7189025878906,56.07619857788086,0.9999942779541016,345.18072509765625,56.7535400390625,0.999984622001648
150554,613.893310546875,47.82631301879883,0.9999998807907104,577.8245849609375,67.32376098632812,0.9999973773956299,576.4193115234375,35.19209289550781,0.9999996423721313,574.5642700195312,50.65565872192383,0.9999992847442627,528.8886108398438,52.13369369506836,0.9999864101409912,475.7133483886719,56.21109390258789,0.9999992847442627,468.8099670410156,56.631752014160156,0.9999998807907104,417.0189208984375,55.49061584472656,0.9999977350234985,350.7923278808594,57.38618469238281,0.9999903440475464
150555,616.918212890625,48.87535095214844,0.9999997615814209,582.0491943359375,67.6698226928711,0.9999967813491821,581.0637817382812,35.77189254760742,0.9999997615814209,579.218505859375,51.40471267700195,0.9999995231628418,532.9005737304688,51.72186279296875,0.9999932050704956,478.8076477050781,56.565677642822266,0.9999978542327881,473.0202331542969,57.40809631347656,0.9999996423721313,421.3336181640625,55.227108001708984,0.9999982118606567,353.3099060058594,57.77198791503906,0.9999903440475464
150556,622.1456298828125,49.206722259521484,0.9999996423721313,585.9579467773438,68.48412322998047,0.9999979734420776,585.98779296875,35.56814956665039,0.9999997615814209,583.5686645507812,51.85793685913086,0.9999986886978149,538.0857543945312,51.77457046508789,0.999994158744812,483.47039794921875,56.914249420166016,0.9999995231628418,477.5570068359375,57.69673156738281,0.9999998807907104,426.380859375,54.78726577758789,0.9999957084655762,359.71923828125,57.442352294921875,0.9999866485595703
150557,626.3976440429688,49.84999084472656,0.9999998807907104,590.4696655273438,68.74362182617188,0.9999970197677612,589.4351196289062,35.42136764526367,0.9999998807907104,587.5244140625,51.96870422363281,0.9999997615814209,543.6007080078125,51.94853591918945,0.9999949932098389,489.094482421875,57.22222137451172,0.9999990463256836,482.24102783203125,58.22251510620117,1.0,430.31982421875,55.638336181640625,0.9999902248382568,362.904296875,57.32317352294922,0.9999862909317017
150558,630.4366455078125,50.316776275634766,0.9999998807907104,593.5662841796875,69.18380737304688,0.999997615814209,594.1776733398438,36.023399353027344,0.9999998807907104,591.6785888671875,51.9439582824707,0.9999995231628418,546.7740478515625,52.714839935302734,0.9999947547912598,493.5801086425781,57.94240951538086,0.9999994039535522,486.6229553222656,58.92523956298828,1.0,434.4192810058594,56.22404479980469,0.9999979734420776,367.3048095703125,57.926231384277344,0.9999767541885376
150559,633.7640380859375,50.720027923583984,0.9999997615814209,597.5872192382812,69.27881622314453,0.9999970197677612,598.6472778320312,36.32505416870117,0.9999998807907104,596.341064453125,52.26047897338867,0.9999997615814209,551.766357421875,52.551597595214844,0.9999918937683105,497.70343017578125,57.71633529663086,0.9999998807907104,491.5030517578125,59.46504592895508,1.0,439.1015319824219,56.325660705566406,0.9999958276748657,371.309814453125,57.32451629638672,0.9999955892562866
150560,638.0296630859375,50.62864303588867,0.9999997615814209,601.2156982421875,69.72635650634766,0.9999982118606567,602.9708251953125,36.38451385498047,0.9999998807907104,600.3946533203125,52.83755874633789,0.9999994039535522,557.4366455078125,53.38203811645508,0.9999974966049194,503.2428283691406,58.37629699707031,0.9999997615814209,496.41461181640625,59.94853210449219,0.9999997615814209,442.80035400390625,55.91145706176758,0.9999914169311523,375.86334228515625,56.6584358215332,0.999982476234436
150561,642.0183715820312,50.99055099487305,1.0,605.9104614257812,69.54113006591797,0.9999963045120239,605.916748046875,36.1611328125,0.9999998807907104,604.29345703125,52.67298889160156,0.9999998807907104,561.3388671875,53.7625732421875,0.9999936819076538,507.4326477050781,58.82266616821289,0.9999995231628418,500.34393310546875,59.73990249633789,1.0,447.0159912109375,56.50254440307617,0.9999908208847046,382.088623046875,56.481204986572266,0.9999922513961792
150562,646.2968139648438,50.79316711425781,0.9999998807907104,609.5370483398438,69.9205322265625,0.999997615814209,610.1525268554688,36.517295837402344,0.9999998807907104,608.4232177734375,52.591468811035156,0.9999995231628418,565.703125,54.1931266784668,0.9999948740005493,511.0821228027344,58.67487716674805,0.9999996423721313,504.8006286621094,60.415802001953125,0.9999997615814209,451.0064697265625,56.75065231323242,0.9999971389770508,383.5804138183594,56.69831848144531,0.9999864101409912
150563,649.6819458007812,50.827171325683594,0.9999997615814209,613.9473876953125,69.63694763183594,0.9999945163726807,614.3360595703125,37.09282302856445,0.9999998807907104,612.2354125976562,52.815067291259766,0.9999998807907104,570.1515502929688,54.893192291259766,0.9999970197677612,515.6943969726562,59.18739700317383,0.9999998807907104,509.22601318359375,60.65070724487305,0.9999998807907104,455.42376708984375,56.50796890258789,0.9999945163726807,389.8166809082031,56.81985855102539,0.9999935626983643
150564,654.2174682617188,50.39017105102539,0.9999996423721313,617.998046875,69.84221649169922,0.9999969005584717,618.3939208984375,36.90140914916992,0.9999998807907104,616.7542114257812,53.103031158447266,0.9999991655349731,573.9273071289062,55.07603454589844,0.9999969005584717,520.087646484375,59.96504592895508,0.9999996423721313,513.0460205078125,60.6043701171875,0.9999997615814209,459.4877624511719,56.33150863647461,0.9999899864196777,393.4574279785156,54.989166259765625,0.9999922513961792
150565,658.8463745117188,50.01539611816406,0.9999998807907104,623.160888671875,69.36487579345703,0.9999948740005493,621.5924682617188,36.486026763916016,0.9999998807907104,620.730224609375,52.509849548339844,0.9999997615814209,576.88720703125,54.47981262207031,0.9999910593032837,523.5857543945312,60.35942077636719,0.9999994039535522,516.6090087890625,61.110198974609375,0.9999998807907104,463.276123046875,57.058345794677734,0.9999902248382568,398.81488037109375,55.23982238769531,0.999994158744812
150566,663.4555053710938,49.64241409301758,0.9999998807907104,627.666015625,69.76873779296875,0.9999949932098389,626.9016723632812,36.97382736206055,0.9999998807907104,625.173583984375,52.52321243286133,0.9999994039535522,581.155029296875,54.578773498535156,0.9999912977218628,526.7929077148438,60.281524658203125,0.9999997615814209,521.1365356445312,61.954063415527344,0.9999997615814209,467.7890625,57.35111999511719,0.9999961853027344,401.2447509765625,54.595550537109375,0.9999943971633911
150567,668.083251953125,50.38460159301758,0.9999997615814209,632.0211791992188,69.94108581542969,0.9999943971633911,632.008056640625,36.741756439208984,0.9999997615814209,630.1843872070312,52.85048294067383,0.9999994039535522,586.3717651367188,54.62921905517578,0.9999946355819702,531.5347900390625,60.29185485839844,0.9999998807907104,525.1835327148438,61.58566665649414,0.9999998807907104,472.7430419921875,57.66154861450195,0.999992847442627,407.6840515136719,54.5727424621582,0.999992847442627
150568,672.9637451171875,50.09294509887695,0.9999998807907104,637.6766967773438,69.81637573242188,0.9999967813491821,635.8697509765625,36.32797622680664,0.9999998807907104,634.8710327148438,52.763858795166016,0.9999995231628418,590.5720825195312,54.27412414550781,0.9999951124191284,536.8029174804688,60.347373962402344,0.9999996423721313,529.7340087890625,61.4655876159668,0.9999998807907104,477.684326171875,57.87606430053711,0.9999924898147583,411.19232177734375,53.350948333740234,0.9999966621398926
150569,677.0408935546875,49.66623306274414,1.0,641.7368774414062,69.1878433227539,0.9999960660934448,640.9002075195312,35.86604309082031,0.9999997615814209,638.9234619140625,51.845157623291016,0.9999992847442627,593.5006713867188,53.66135787963867,0.9999935626983643,539.8723754882812,59.739166259765625,0.9999996423721313,533.1053466796875,61.351348876953125,1.0,480.94073486328125,58.920166015625,0.9999958276748657,415.1709899902344,53.556556701660156,0.9999938011169434
150570,681.044677734375,49.95095443725586,0.9999997615814209,646.9800415039062,68.83346557617188,0.9999921321868896,646.256103515625,35.701908111572266,0.9999997615814209,643.6973876953125,51.86579895019531,0.9999995231628418,597.854736328125,52.904361724853516,0.9999921321868896,544.0347900390625,59.36479949951172,0.9999995231628418,537.2247924804688,60.901641845703125,0.9999998807907104,485.9350891113281,60.015907287597656,0.9999972581863403,418.7762145996094,53.759761810302734,0.9999951124191284
150571,686.2977294921875,49.91465759277344,0.9999995231628418,651.2470092773438,68.43112182617188,0.9999972581863403,649.4943237304688,35.670135498046875,0.9999996423721313,647.5203857421875,52.10078811645508,0.9999979734420776,602.7194213867188,52.85354232788086,0.9999951124191284,546.5687255859375,58.48966598510742,0.9999998807907104,541.0289916992188,60.761165618896484,1.0,489.50140380859375,60.91157150268555,0.999994158744812,423.18475341796875,53.877235412597656,0.9999936819076538
150572,690.3980102539062,48.26529312133789,0.9999998807907104,655.880126953125,68.08206939697266,0.9999960660934448,652.4769897460938,34.94425964355469,0.9999996423721313,651.8695068359375,51.62664794921875,0.9999994039535522,607.7044067382812,52.79423522949219,0.9999935626983643,551.2406616210938,57.60210418701172,0.9999996423721313,545.018798828125,58.92591094970703,0.9999998807907104,494.0964050292969,61.19255447387695,0.999994158744812,428.0216979980469,52.253360748291016,0.999996542930603
150573,694.4813232421875,47.86793518066406,0.9999998807907104,660.333740234375,67.75912475585938,0.9999980926513672,657.1531372070312,35.76919174194336,0.9999995231628418,655.82470703125,51.41414260864258,0.9999988079071045,610.5714721679688,52.620635986328125,0.9999929666519165,555.6624145507812,57.01420974731445,0.9999994039535522,549.20556640625,57.7779426574707,1.0,498.34063720703125,60.73135757446289,0.9999969005584717,431.922607421875,52.81974411010742,0.9999926090240479
150574,698.5023803710938,47.4151611328125,0.9999996423721313,664.8173217773438,67.66910552978516,0.9999959468841553,661.5645141601562,35.41865539550781,0.9999994039535522,660.0829467773438,50.95230484008789,0.9999992847442627,615.1651000976562,51.779415130615234,0.999983549118042,559.4805297851562,55.675941467285156,0.9999979734420776,553.760986328125,57.285186767578125,0.9999995231628418,502.3432312011719,60.71808624267578,0.9999964237213135,435.53424072265625,53.441410064697266,0.9999961853027344
150575,702.4461669921875,47.31678771972656,0.9999994039535522,668.9940795898438,66.60566711425781,0.9999964237213135,664.6137084960938,35.088897705078125,0.9999986886978149,663.7078857421875,51.06642150878906,0.9999948740005493,618.4552612304688,51.47826385498047,0.9999902248382568,564.04443359375,55.57577133178711,0.9999996423721313,558.2227783203125,56.561851501464844,0.9999998807907104,506.3555908203125,60.07847213745117,0.9999967813491821,440.0606994628906,54.10688781738281,0.999992847442627
150576,707.38134765625,46.619937896728516,1.0,673.4644775390625,67.17048645019531,0.9999946355819702,668.7872924804688,34.3300666809082,0.9999985694885254,667.4108276367188,50.562950134277344,0.9999986886978149,622.3734130859375,51.69308853149414,0.9999887943267822,568.3817138671875,55.870880126953125,0.9999986886978149,561.681884765625,56.65958786010742,0.9999997615814209,511.46917724609375,58.454254150390625,0.9999948740005493,445.2784729003906,52.86627197265625,0.9999960660934448
150577,711.3467407226562,47.00456237792969,0.9999998807907104,678.0610961914062,66.79253387451172,0.999991774559021,673.187255859375,35.18317413330078,0.9999990463256836,671.8975219726562,50.49726104736328,0.9999972581863403,627.6422729492188,51.09250259399414,0.9999921321868896,572.9931640625,55.93678665161133,0.9999988079071045,566.34375,56.72587203979492,0.9999994039535522,514.0439453125,57.953704833984375,0.9999967813491821,447.66302490234375,53.40833282470703,0.9999932050704956
150578,715.5527954101562,47.31441879272461,0.9999996423721313,682.4427490234375,66.47200012207031,0.9999955892562866,677.244873046875,35.39958572387695,0.999998927116394,675.48779296875,50.7026252746582,0.9999985694885254,632.4065551757812,50.817073822021484,0.9999921321868896,577.1925048828125,55.223541259765625,0.9999990463256836,570.7512817382812,56.5312614440918,0.9999997615814209,517.4785766601562,57.20549011230469,0.999995231628418,451.1961669921875,54.158817291259766,0.9999969005584717
150579,720.301025390625,46.9334602355957,0.9999997615814209,687.2225341796875,66.80818176269531,0.9999884366989136,681.61376953125,33.816184997558594,0.9999978542327881,680.1470947265625,50.14190673828125,0.9999955892562866,638.3076782226562,50.55818176269531,0.9999934434890747,581.8282470703125,54.72224807739258,0.999998927116394,575.0905151367188,55.729248046875,0.9999992847442627,521.5986938476562,55.602943420410156,0.9999891519546509,455.90667724609375,53.89933776855469,0.9999932050704956
150580,724.6027221679688,47.05808639526367,1.0,691.71044921875,66.76807403564453,0.999992847442627,686.3804931640625,33.63065719604492,0.9999964237213135,684.825439453125,49.5097770690918,0.9999986886978149,641.701171875,49.64128875732422,0.9999903440475464,586.5004272460938,54.56486892700195,0.9999986886978149,579.6049194335938,55.34229278564453,0.9999996423721313,526.4104614257812,55.412109375,0.9999914169311523,461.05426025390625,51.8045654296875,0.9999967813491821
150581,728.3638305664062,47.44252395629883,0.9999998807907104,695.6936645507812,65.66386413574219,0.9999749660491943,691.639892578125,33.74720001220703,0.9999985694885254,689.1778564453125,49.05937576293945,0.9999980926513672,646.821533203125,48.96696853637695,0.9999886751174927,591.058349609375,53.916770935058594,0.9999983310699463,583.5911865234375,55.1890983581543,0.9999995231628418,529.8711547851562,54.637420654296875,0.9999978542327881,463.8255920410156,51.760921478271484,0.9999939203262329
150582,732.1314697265625,46.983272552490234,0.9999996423721313,699.64990234375,65.11588287353516,0.9999877214431763,695.1340942382812,33.386314392089844,0.9999957084655762,692.95703125,49.33123016357422,0.9999983310699463,650.6549072265625,49.350914001464844,0.9999924898147583,594.5774536132812,53.014137268066406,0.9999991655349731,587.6394653320312,54.55641174316406,0.9999997615814209,533.70947265625,54.19477081298828,0.9999972581863403,467.3302001953125,50.095237731933594,0.9999964237213135
150583,738.3087158203125,46.10015106201172,0.9999998807907104,705.0869140625,65.39947509765625,0.9999839067459106,699.8973999023438,31.627519607543945,0.9999969005584717,697.5450439453125,48.60029602050781,0.9999966621398926,655.4306640625,49.24718475341797,0.9999864101409912,599.4602661132812,52.299766540527344,0.9999970197677612,591.618896484375,53.4559326171875,0.999998927116394,537.6489868164062,53.65740966796875,0.9999934434890747,473.0192565917969,49.454654693603516,0.999987006187439
150584,742.2606201171875,45.953250885009766,0.9999998807907104,708.8935546875,65.69741821289062,0.9999815225601196,704.2517700195312,32.751914978027344,0.9999977350234985,701.9614868164062,48.529605865478516,0.9999974966049194,658.48046875,48.49635314941406,0.9999727010726929,603.073974609375,51.74749755859375,0.9999973773956299,596.6817626953125,52.45171356201172,0.9999990463256836,543.17724609375,53.445465087890625,0.9999922513961792,478.53741455078125,49.683773040771484,0.9999967813491821
150585,746.4854125976562,44.48428726196289,0.9999986886978149,713.1876220703125,65.2580337524414,0.9999600648880005,709.22705078125,32.67033386230469,0.9999979734420776,706.28466796875,48.78451919555664,0.9999988079071045,663.904052734375,48.028343200683594,0.9999538660049438,607.7968139648438,51.436283111572266,0.9999938011169434,600.1919555664062,52.58852767944336,0.9999992847442627,547.1289672851562,52.37893295288086,0.9999983310699463,481.6947326660156,49.625091552734375,0.9999969005584717
150586,749.7937622070312,44.92371368408203,0.9999969005584717,718.998046875,65.50473022460938,0.9999412298202515,714.1793823242188,31.482521057128906,0.9999973773956299,711.8006591796875,48.370758056640625,0.9999943971633911,669.3786010742188,47.59021759033203,0.9998316764831543,612.356689453125,50.661781311035156,0.9997588992118835,604.5241088867188,52.32728958129883,0.9999815225601196,551.5220947265625,51.70391082763672,0.9999920129776001,485.85955810546875,49.882225036621094,0.999996542930603
150587,753.30908203125,45.070133209228516,0.9999954700469971,722.8341674804688,66.72010040283203,0.9999676942825317,719.1796875,31.451438903808594,0.9999985694885254,715.5704956054688,48.766109466552734,0.9999978542327881,671.6620483398438,48.851295471191406,0.999976396560669,616.6333618164062,51.979576110839844,0.9999959468841553,608.5723876953125,52.27685546875,0.9999996423721313,556.8563232421875,51.52334213256836,0.9999982118606567,491.02728271484375,50.30020523071289,0.9999970197677612
150588,757.05712890625,46.76624298095703,0.9999983310699463,725.479736328125,66.84773254394531,0.9999691247940063,723.72802734375,31.978740692138672,0.9999994039535522,718.9362182617188,49.210899353027344,0.9999966621398926,674.2072143554688,49.277687072753906,0.9999910593032837,620.6617431640625,51.90302276611328,0.9999996423721313,613.85888671875,52.21975326538086,1.0,562.4083251953125,50.809906005859375,0.9999992847442627,495.8717041015625,51.56768798828125,0.9999945163726807
150589,761.5509643554688,47.50926971435547,0.9999916553497314,729.433837890625,66.80699920654297,0.9999886751174927,728.236083984375,31.464359283447266,0.9999978542327881,723.2774658203125,49.49683380126953,0.9999979734420776,679.03271484375,49.17603302001953,0.9999860525131226,624.9190063476562,52.02435302734375,0.9999996423721313,617.910400390625,52.755008697509766,1.0,567.0458984375,50.674686431884766,0.999998927116394,499.5205993652344,53.25255584716797,0.999994158744812
150590,766.9474487304688,48.68197250366211,0.9999885559082031,734.0308837890625,66.65459442138672,0.9999830722808838,732.802734375,32.24258804321289,0.9999992847442627,727.3883056640625,49.913448333740234,0.9999964237213135,683.512939453125,48.756385803222656,0.9999943971633911,629.0730590820312,52.662410736083984,0.9999998807907104,622.3082275390625,53.305137634277344,1.0,571.3514404296875,50.51961135864258,0.9999984502792358,504.5386047363281,53.82472610473633,0.9999829530715942
150591,769.8063354492188,48.32712936401367,0.9999994039535522,740.1078491210938,66.60287475585938,0.9999827146530151,737.0322265625,33.529823303222656,0.9999986886978149,731.2623291015625,50.05826187133789,0.9999984502792358,687.5968017578125,49.24654006958008,0.9999884366989136,633.3195190429688,53.228973388671875,0.9999997615814209,626.58203125,53.87420654296875,1.0,575.0873413085938,50.3897705078125,0.999996542930603,506.98504638671875,52.2952766418457,0.9999966621398926
150592,773.877685546875,49.32297134399414,0.9999997615814209,743.240234375,67.11995697021484,0.9999829530715942,741.5383911132812,34.26514434814453,0.9999991655349731,735.533203125,50.294315338134766,0.9999979734420776,691.801025390625,49.225379943847656,0.9999946355819702,638.3455810546875,54.1120719909668,0.9999998807907104,631.1951904296875,54.845855712890625,1.0,579.6674194335938,51.2292594909668,0.9999990463256836,510.6844177246094,52.661888122558594,0.9999945163726807
150593,777.9012451171875,50.00689697265625,0.9999994039535522,745.9039916992188,67.84574127197266,0.9999964237213135,744.3021240234375,33.859703063964844,0.9999985694885254,739.5435180664062,51.04914855957031,0.9999994039535522,696.3185424804688,49.352012634277344,0.999994158744812,642.3768920898438,53.98521041870117,0.9999998807907104,635.7114868164062,55.36859130859375,1.0,583.315185546875,51.69562911987305,0.9999972581863403,513.5130615234375,53.35688781738281,0.9999892711639404
150594,782.6095581054688,49.1837272644043,0.9999997615814209,749.9552001953125,68.82600402832031,0.9999951124191284,748.7952270507812,34.61296844482422,0.9999997615814209,743.575927734375,51.6474494934082,0.9999991655349731,701.72900390625,49.535377502441406,0.9999974966049194,647.03857421875,53.83287048339844,0.9999998807907104,640.03271484375,55.189754486083984,0.9999998807907104,587.1486206054688,51.69667434692383,0.9999966621398926,518.7289428710938,53.92741775512695,0.9999797344207764
150595,786.9947509765625,48.83489227294922,1.0,752.8934326171875,69.51512145996094,0.9999803304672241,750.6517333984375,34.868858337402344,0.9999994039535522,747.1137084960938,52.31078338623047,0.9999996423721313,704.8436889648438,49.431800842285156,0.9999858140945435,650.6383056640625,53.81351852416992,0.9999998807907104,643.6018676757812,54.86589431762695,1.0,591.7218017578125,52.26994323730469,0.9999961853027344,524.3661499023438,54.53077697753906,0.9999924898147583
150596,791.8097534179688,49.61758041381836,0.9999997615814209,756.6141357421875,68.75164794921875,0.9999810457229614,754.9325561523438,35.92609405517578,0.9999997615814209,751.0394897460938,52.359683990478516,0.9999992847442627,709.8067626953125,50.09717559814453,0.9999778270721436,655.1604614257812,54.342750549316406,0.9999998807907104,647.794677734375,55.467559814453125,0.9999998807907104,595.7094116210938,53.19498062133789,0.9999985694885254,528.2739868164062,54.978515625,0.9999814033508301
150597,795.3202514648438,48.72223663330078,0.9999997615814209,758.924072265625,68.68476104736328,0.9999895095825195,759.95263671875,35.386470794677734,0.999998927116394,756.6216430664062,51.665122985839844,0.9999998807907104,715.2865600585938,49.69546127319336,0.9999911785125732,659.2198486328125,54.352020263671875,0.9999998807907104,653.2740478515625,55.43801498413086,0.9999998807907104,600.37841796875,53.22922897338867,0.9999955892562866,533.7551879882812,56.357688903808594,0.9999884366989136
150598,799.3335571289062,48.94310760498047,0.9999998807907104,761.45263671875,69.292724609375,0.9999922513961792,762.2265014648438,35.48097610473633,0.9999997615814209,759.7329711914062,51.86846923828125,0.9999994039535522,720.0753173828125,50.26976776123047,0.9999790191650391,663.2156372070312,54.62969207763672,0.9999997615814209,656.6460571289062,55.32478713989258,0.9999997615814209,604.8406982421875,53.287776947021484,0.999997615814209,537.8378295898438,55.381351470947266,0.9999924898147583
150599,804.6320190429688,48.13412094116211,0.9999998807907104,766.7120971679688,69.80677795410156,0.9999746084213257,765.4484252929688,35.084938049316406,0.9999996423721313,764.5083618164062,51.86568069458008,0.9999996423721313,722.446044921875,50.39034652709961,0.9999887943267822,666.4091186523438,55.24723815917969,0.9999998807907104,659.6549072265625,55.83477783203125,1.0,608.4732666015625,54.18037414550781,0.999996542930603,541.0065307617188,56.47295379638672,0.9999868869781494
150600,808.7345581054688,48.306156158447266,0.9999997615814209,770.7594604492188,68.63458251953125,0.999868631362915,770.048095703125,34.25687026977539,0.9999995231628418,767.2897338867188,50.85009765625,0.9999991655349731,726.630615234375,50.10905075073242,0.9999884366989136,670.8336181640625,55.41915512084961,0.9999996423721313,664.0529174804688,55.98740005493164,0.9999996423721313,612.02880859375,54.61979675292969,0.9999979734420776,543.1450805664062,56.69593048095703,0.9999716281890869
150601,812.49169921875,48.239845275878906,0.9999997615814209,777.528076171875,67.80488586425781,0.9999560117721558,775.67919921875,33.283687591552734,0.9999984502792358,772.2862548828125,50.284385681152344,0.9999995231628418,730.9840087890625,50.17736053466797,0.9999967813491821,674.6298217773438,55.409061431884766,0.9999998807907104,669.1640014648438,56.311065673828125,0.9999998807907104,616.3367309570312,54.51861572265625,0.9999924898147583,548.20361328125,56.63716125488281,0.9999885559082031
150602,816.6363525390625,48.29033660888672,0.9999998807907104,782.5538330078125,67.76732635498047,0.9999064207077026,779.5706787109375,33.84633255004883,0.9999991655349731,776.9238891601562,50.52059555053711,0.9999977350234985,735.4259033203125,50.95888900756836,0.9999955892562866,679.1358642578125,55.14007568359375,0.9999998807907104,672.0985107421875,56.110538482666016,0.9999998807907104,620.9111938476562,55.37810516357422,0.9999942779541016,552.7403564453125,56.680423736572266,0.9999750852584839
150603,821.8253784179688,47.6673469543457,0.9999998807907104,788.1236572265625,67.51930236816406,0.9999535083770752,784.3307495117188,33.25502014160156,0.9999991655349731,781.5806884765625,50.35482406616211,0.9999974966049194,738.4047241210938,50.1979866027832,0.9999908208847046,683.1265869140625,55.34392166137695,0.9999998807907104,676.4738159179688,56.425865173339844,1.0,625.2440185546875,56.28937530517578,0.9999970197677612,557.8427734375,56.70165252685547,0.9999871253967285
150604,825.4586181640625,48.78969955444336,0.9999998807907104,791.9913330078125,66.60893249511719,0.9999816417694092,788.8766479492188,32.908756256103516,0.9999996423721313,785.3756103515625,50.375579833984375,0.9999986886978149,742.9879150390625,49.79133987426758,0.9999899864196777,687.6902465820312,54.86764144897461,0.9999998807907104,680.9797973632812,56.39779281616211,1.0,629.2782592773438,56.81193542480469,0.9999969005584717,560.3775634765625,57.27576446533203,0.9999748468399048
150605,829.6295166015625,48.53025817871094,0.9999998807907104,796.3208618164062,66.0434799194336,0.9999877214431763,793.3300170898438,32.22332763671875,0.9999984502792358,789.3975830078125,49.946285247802734,0.9999974966049194,746.5685424804688,49.5984992980957,0.9999951124191284,690.0816040039062,53.10890579223633,1.0,684.9168090820312,54.98354721069336,1.0,633.306640625,56.57764434814453,0.9999920129776001,566.3935546875,56.29106903076172,0.9999877214431763
150606,833.1047973632812,47.9895133972168,0.9999998807907104,800.13427734375,66.6888427734375,0.9999908208847046,796.7843627929688,31.269332885742188,0.9999974966049194,793.7030029296875,49.53993225097656,0.9999971389770508,750.7597045898438,50.00465393066406,0.9999939203262329,694.1982421875,52.22800064086914,1.0,688.45654296875,53.65802001953125,1.0,637.0221557617188,56.8081169128418,0.9999898672103882,568.335205078125,57.55078887939453,0.9999650716781616
150607,837.1677856445312,47.155399322509766,1.0,803.7510375976562,66.74732208251953,0.9999940395355225,801.0501098632812,32.09461212158203,0.9999977350234985,797.5802612304688,49.285491943359375,0.9999949932098389,753.8853759765625,49.70442199707031,0.9999861717224121,697.8521118164062,51.569786071777344,0.9999998807907104,691.6708374023438,52.645294189453125,1.0,639.7845458984375,56.431800842285156,0.9999909400939941,571.9205932617188,57.08294677734375,0.9999884366989136
150608,840.5992431640625,47.533172607421875,0.9999998807907104,807.4060668945312,66.1885757446289,0.9999828338623047,805.9205322265625,32.01152420043945,0.9999973773956299,801.8665161132812,49.698116302490234,0.9999971389770508,758.14990234375,49.29887390136719,0.9999868869781494,702.7238159179688,50.29691696166992,0.9999997615814209,696.1549072265625,51.176151275634766,1.0,644.1848754882812,56.173343658447266,0.9999963045120239,575.8798217773438,57.38209533691406,0.9999748468399048
150609,844.1236572265625,47.167171478271484,0.9999997615814209,811.602783203125,65.75663757324219,0.9999876022338867,808.5397338867188,31.431720733642578,0.9999951124191284,805.0698852539062,49.63896560668945,0.9999936819076538,760.3840942382812,48.81847381591797,0.999977707862854,705.4653930664062,49.597503662109375,0.9999997615814209,698.638427734375,50.81499481201172,1.0,647.7586059570312,54.8229866027832,0.9999947547912598,580.1380615234375,56.58819580078125,0.9999905824661255
150610,848.0827026367188,46.596221923828125,0.9999997615814209,815.5347900390625,67.00576782226562,0.9999903440475464,812.21826171875,31.455425262451172,0.9999966621398926,809.3571166992188,49.49575424194336,0.9999942779541016,764.6309204101562,49.44659423828125,0.9999871253967285,709.1882934570312,49.612770080566406,0.9999998807907104,702.0095825195312,50.594722747802734,1.0,650.0808715820312,53.28779983520508,0.999997615814209,583.6314697265625,56.07541275024414,0.9999819993972778
150611,851.8956909179688,46.180419921875,1.0,819.835693359375,66.93859100341797,0.9999953508377075,816.8201293945312,31.997913360595703,0.9999978542327881,813.1172485351562,49.64097595214844,0.9999963045120239,768.7967529296875,50.5704460144043,0.9999756813049316,712.2825317382812,49.7054443359375,0.9999991655349731,705.2412109375,50.083980560302734,0.9999998807907104,653.2484130859375,52.0178337097168,0.9999980926513672,587.0403442382812,53.23881912231445,0.9999954700469971
150612,855.645751953125,46.22682571411133,1.0,823.2612915039062,66.2599105834961,0.9999805688858032,820.9683227539062,31.290019989013672,0.9999974966049194,816.963134765625,49.1664924621582,0.999996542930603,772.6034545898438,49.97215270996094,0.9999879598617554,717.0264892578125,49.72478103637695,0.9999994039535522,709.985107421875,49.71869659423828,0.9999998807907104,656.59521484375,49.61637878417969,0.9999983310699463,591.234375,50.02939987182617,0.999990701675415
150613,858.9534912109375,46.24782180786133,0.9999997615814209,826.906494140625,65.46804809570312,0.9999916553497314,823.6393432617188,31.2799072265625,0.9999945163726807,820.3660888671875,49.10308837890625,0.9999940395355225,776.4423217773438,49.883018493652344,0.9999622106552124,720.5448608398438,49.41640853881836,0.9999991655349731,713.5677490234375,49.8747444152832,0.9999998807907104,660.001708984375,47.43534851074219,0.9999980926513672,593.433837890625,47.55441665649414,0.9999780654907227
150614,862.4089965820312,45.49000549316406,0.9999996423721313,830.8334350585938,66.01932525634766,0.9999809265136719,827.2510375976562,31.198486328125,0.9999971389770508,824.7921142578125,48.442718505859375,0.9999911785125732,781.6637573242188,50.584659576416016,0.999954342842102,724.4522705078125,49.343997955322266,0.9999991655349731,717.534912109375,49.28053665161133,0.9999996423721313,664.2874145507812,46.10560989379883,0.9999912977218628,599.658203125,45.786197662353516,0.9999560117721558
150615,866.6736450195312,44.54298400878906,1.0,834.8800659179688,65.81575775146484,0.9999922513961792,831.240478515625,30.893299102783203,0.9999978542327881,828.408203125,48.40540313720703,0.9999951124191284,784.7318725585938,50.54596710205078,0.9999704360961914,728.5543823242188,49.53289794921875,0.9999971389770508,720.9172973632812,49.631141662597656,0.9999994039535522,667.805419921875,44.13684844970703,0.9999936819076538,605.071533203125,42.76429748535156,0.9999833106994629
150616,871.3710327148438,44.275691986083984,1.0,839.9893188476562,62.847415924072266,0.9999548196792603,835.7254028320312,30.4294490814209,0.999997615814209,833.189453125,47.47307586669922,0.9999927282333374,789.7763061523438,49.21554183959961,0.9999853372573853,732.6663208007812,49.128536224365234,0.9999979734420776,725.6795654296875,49.1404914855957,0.9999995231628418,671.1265258789062,42.15187454223633,0.9999843835830688,606.984130859375,42.64808654785156,0.999962568283081
150617,874.2197265625,44.713897705078125,0.9999997615814209,843.3135986328125,63.04603576660156,0.9999827146530151,839.5673828125,29.408584594726562,0.9999892711639404,837.3339233398438,46.987606048583984,0.9999921321868896,793.0592041015625,48.58244323730469,0.9999699592590332,736.5305786132812,48.951744079589844,0.999996542930603,729.0027465820312,48.440582275390625,0.9999991655349731,675.0523681640625,40.69743728637695,0.9999909400939941,610.61376953125,42.30360412597656,0.9999662637710571
150618,877.6526489257812,44.23771667480469,0.9999994039535522,846.6178588867188,63.081825256347656,0.9999756813049316,842.5574951171875,29.78997230529785,0.999997615814209,840.969482421875,46.77690505981445,0.9999918937683105,797.6895141601562,49.354454040527344,0.9999768733978271,740.458984375,49.761741638183594,0.9999969005584717,732.8099975585938,48.78196334838867,0.9999985694885254,680.2798461914062,40.009376525878906,0.9999351501464844,616.2476806640625,42.6241340637207,0.999901294708252
150619,882.2297973632812,42.853546142578125,0.9999998807907104,851.009033203125,62.15960693359375,0.9999895095825195,846.370361328125,31.075422286987305,0.9999935626983643,844.2007446289062,46.621944427490234,0.9999934434890747,800.2612915039062,48.798858642578125,0.9999493360519409,744.8815307617188,49.86069107055664,0.9999949932098389,736.9188842773438,49.366424560546875,0.9999985694885254,684.515625,39.64260482788086,0.9999297857284546,619.691650390625,42.025306701660156,0.9999163150787354
150620,886.6184692382812,43.34073257446289,0.9999998807907104,854.8280029296875,61.817142486572266,0.9999423027038574,850.44091796875,31.99538803100586,0.9999958276748657,848.6312255859375,47.05107116699219,0.9999918937683105,805.540771484375,48.936100006103516,0.9999657869338989,749.2166137695312,49.284786224365234,0.9999830722808838,742.5923461914062,49.7557487487793,0.9999951124191284,688.6435546875,39.001075744628906,0.9999141693115234,623.6043090820312,42.16440963745117,0.9996036887168884
150621,889.5186767578125,43.55999755859375,0.9999994039535522,859.3505859375,61.29924774169922,0.9999790191650391,854.3811645507812,31.087467193603516,0.9999916553497314,852.771240234375,46.9089469909668,0.9999969005584717,810.3919677734375,48.489227294921875,0.9999675750732422,754.97021484375,50.333580017089844,0.9999877214431763,746.2357788085938,49.33916473388672,0.9999942779541016,694.1572875976562,39.19316101074219,0.9998822212219238,628.6701049804688,42.15877914428711,0.9999178647994995
150622,893.1195068359375,43.5493049621582,0.9999991655349731,862.7218627929688,62.03202438354492,0.999966025352478,858.4021606445312,31.19384765625,0.9999958276748657,856.8983154296875,46.85563659667969,0.9999924898147583,815.360595703125,49.610389709472656,0.9999755620956421,759.5660400390625,52.67316436767578,0.9998871088027954,750.3255615234375,51.89799499511719,0.999945878982544,700.4470825195312,39.317623138427734,0.9998594522476196,633.8396606445312,42.32770919799805,0.9998961687088013
150623,897.2528686523438,42.20368194580078,0.9999998807907104,866.5922241210938,61.38707733154297,0.9999918937683105,862.6754150390625,30.8360652923584,0.9999938011169434,860.9605102539062,46.867393493652344,0.9999945163726807,819.544677734375,48.70226287841797,0.9999889135360718,764.0331420898438,51.386959075927734,0.9998786449432373,754.89697265625,51.79664611816406,0.9999791383743286,702.7319946289062,38.95206069946289,0.9999140501022339,638.8187866210938,43.80483627319336,0.9999366998672485
150624,901.6691284179688,42.93696975708008,0.9999998807907104,870.513671875,61.69042205810547,0.9999507665634155,866.7113037109375,31.384950637817383,0.9999967813491821,864.629638671875,46.922584533691406,0.9999951124191284,823.7646484375,48.12717819213867,0.9999903440475464,769.1323852539062,50.018680572509766,0.9999635219573975,760.023681640625,51.30168533325195,0.9999262094497681,706.6879272460938,38.916229248046875,0.9999865293502808,642.4655151367188,45.10593795776367,0.9999676942825317
150625,904.8099975585938,43.0458869934082,0.9999992847442627,875.4879760742188,62.116966247558594,0.9999808073043823,871.4744873046875,30.413450241088867,0.9999896287918091,869.8616943359375,46.9482421875,0.9999977350234985,829.6994018554688,48.582603454589844,0.9999967813491821,774.493408203125,48.83150100708008,0.9998880624771118,767.125244140625,49.15192413330078,0.9998914003372192,711.1211547851562,39.13090133666992,0.9999548196792603,648.334716796875,45.9274787902832,0.9999465942382812
150626,908.26123046875,43.34671401977539,0.9999992847442627,878.84619140625,63.06653594970703,0.9999754428863525,875.57861328125,30.563358306884766,0.9999964237213135,874.2422485351562,46.817161560058594,0.9999945163726807,833.591552734375,47.76987838745117,0.9999957084655762,779.0794677734375,47.871002197265625,0.9997567534446716,770.986572265625,49.02803039550781,0.9999767541885376,716.1924438476562,38.921302795410156,0.9999650716781616,651.759765625,46.68721008300781,0.9999717473983765
150627,912.5748901367188,42.078128814697266,0.9999997615814209,883.3604125976562,62.76203918457031,0.9999887943267822,880.31787109375,29.917253494262695,0.9999983310699463,877.9146118164062,46.44877243041992,0.9999932050704956,836.6359252929688,47.128936767578125,0.9999935626983643,781.827880859375,46.36801528930664,0.9998639822006226,774.7363891601562,46.08761215209961,0.9999977350234985,720.171875,38.58881759643555,0.999992847442627,656.6129150390625,46.81652069091797,0.9999823570251465
150628,917.0481567382812,43.02059555053711,0.9999998807907104,887.2130737304688,62.85756301879883,0.999945878982544,884.3956298828125,29.88983154296875,0.9999974966049194,881.5339965820312,47.02235412597656,0.9999972581863403,838.8112182617188,46.508583068847656,0.9999839067459106,784.4335327148438,44.92753219604492,0.9999734163284302,777.2699584960938,44.79983901977539,0.9999978542327881,724.8382568359375,38.57963943481445,0.9999951124191284,660.676513671875,46.707130432128906,0.9999749660491943
150629,920.472412109375,42.80953598022461,0.9999994039535522,891.6072998046875,63.968345642089844,0.999976396560669,887.9655151367188,28.86969566345215,0.9999936819076538,885.70458984375,46.84136199951172,0.9999969005584717,842.733642578125,46.18901824951172,0.9999932050704956,787.7955322265625,44.723793029785156,0.9999967813491821,780.6998291015625,44.957557678222656,0.9999995231628418,729.4473266601562,39.1327018737793,0.9999867677688599,664.8658447265625,47.25547790527344,0.9999614953994751
150630,923.5181274414062,43.679813385009766,0.9999988079071045,894.4476928710938,64.24104309082031,0.9999655485153198,891.624267578125,29.566869735717773,0.9999978542327881,889.6251831054688,46.99583435058594,0.9999940395355225,846.8690185546875,46.89814758300781,0.999968409538269,791.35498046875,45.376564025878906,0.9999955892562866,784.4192504882812,45.41844177246094,0.9999994039535522,733.539306640625,39.32670211791992,0.9999507665634155,667.1892700195312,45.490814208984375,0.9999281167984009
150631,928.404296875,42.62660598754883,0.9999996423721313,898.4439086914062,63.706787109375,0.999985933303833,896.4456176757812,29.46215057373047,0.9999982118606567,893.5088500976562,46.9158935546875,0.9999948740005493,850.3463134765625,46.1997184753418,0.9999794960021973,795.388916015625,46.07638931274414,0.9999951124191284,787.9171752929688,46.327667236328125,0.9999997615814209,738.06640625,38.48008346557617,0.9999911785125732,673.487060546875,46.393699645996094,0.9999806880950928
150632,933.5302734375,43.74609375,0.9999998807907104,901.8004150390625,65.31192779541016,0.9999749660491943,900.7220458984375,30.33309555053711,0.9999970197677612,897.9944458007812,47.33634948730469,0.999997615814209,854.833984375,46.49980926513672,0.9999706745147705,800.228759765625,46.54286193847656,0.9999908208847046,792.3632202148438,46.783226013183594,0.9999994039535522,741.6427001953125,39.0362663269043,0.99998939037323,678.0108032226562,47.208072662353516,0.9999667406082153
150633,936.4471435546875,44.05470657348633,0.999998927116394,904.9450073242188,64.7580795288086,0.999980092048645,904.920166015625,30.60373878479004,0.9999953508377075,902.6435546875,47.3638916015625,0.9999971389770508,858.4539184570312,45.98784637451172,0.99997878074646,803.5281982421875,46.255218505859375,0.999997615814209,796.3543701171875,46.69913101196289,0.9999997615814209,746.8448486328125,40.38924789428711,0.9999784231185913,683.5422973632812,47.9044075012207,0.9999731779098511
150634,941.7625122070312,44.856201171875,0.9999990463256836,910.5772094726562,65.37020111083984,0.9999489784240723,910.1564331054688,30.605295181274414,0.9999958276748657,906.6785278320312,47.637725830078125,0.9999953508377075,863.8223266601562,46.74017333984375,0.999961256980896,808.1517333984375,47.15892028808594,0.9999943971633911,800.5845947265625,47.28890609741211,0.9999997615814209,753.0862426757812,40.61478042602539,0.9999276399612427,688.1459350585938,48.88134765625,0.9999665021896362
150635,946.7877197265625,44.487998962402344,0.9999998807907104,914.2178344726562,65.21737670898438,0.999982476234436,915.1253051757812,31.62335777282715,0.9999984502792358,911.7019653320312,48.220882415771484,0.9999943971633911,867.9911499023438,46.87867736816406,0.9999761581420898,813.9271240234375,47.722782135009766,0.9999969005584717,805.9385986328125,47.669864654541016,0.9999998807907104,758.1085205078125,41.57262420654297,0.9999736547470093,695.581787109375,48.80957794189453,0.99997878074646
150636,951.5403442382812,44.9992561340332,0.9999996423721313,918.5344848632812,65.42192077636719,0.9999610185623169,919.8038330078125,30.97215461730957,0.9999967813491821,916.7755126953125,47.971588134765625,0.999996542930603,872.3297729492188,46.7301025390625,0.9999651908874512,817.8779296875,47.325965881347656,0.9999988079071045,811.0530395507812,47.69105911254883,0.9999998807907104,763.4962158203125,41.989013671875,0.999982476234436,699.2151489257812,50.64353561401367,0.9999942779541016
150637,956.3716430664062,45.74575424194336,0.9999983310699463,924.2765502929688,66.2751235961914,0.9999866485595703,924.9318237304688,31.385770797729492,0.9999984502792358,920.5936889648438,47.91432189941406,0.9999959468841553,877.3991088867188,47.018882751464844,0.999975323677063,821.6375122070312,48.29109573364258,0.9999996423721313,814.8401489257812,49.01595687866211,0.9999998807907104,769.748779296875,42.391502380371094,0.9999901056289673,704.534912109375,52.159889221191406,0.9999924898147583
150638,962.092041015625,45.877342224121094,0.9999997615814209,928.3209838867188,65.56452941894531,0.9999854564666748,929.2774047851562,31.739402770996094,0.9999994039535522,925.2960205078125,48.72153091430664,0.9999982118606567,882.2474365234375,47.11463928222656,0.9999759197235107,827.1333618164062,49.385833740234375,0.9999997615814209,820.5035400390625,50.31760787963867,1.0,774.857177734375,44.42279815673828,0.9999939203262329,711.07421875,52.77287673950195,0.9999946355819702
150639,966.7000122070312,45.7825927734375,0.999998927116394,934.6339721679688,66.0461654663086,0.9999650716781616,934.1204833984375,32.73035430908203,0.9999994039535522,931.1790771484375,49.052581787109375,0.9999991655349731,888.0703735351562,47.416473388671875,0.9999754428863525,832.4495239257812,49.94169616699219,0.9999997615814209,826.1136474609375,50.95072555541992,1.0,778.7528686523438,44.94120788574219,0.9999966621398926,715.9354858398438,53.24510192871094,0.9999947547912598
150640,971.9401245117188,46.98363494873047,0.9999903440475464,939.3536987304688,66.310791015625,0.9999890327453613,939.1297607421875,32.38177490234375,0.9999994039535522,936.3189086914062,49.28186798095703,0.9999971389770508,893.7921142578125,47.86893844604492,0.9999895095825195,837.3030395507812,50.96318817138672,0.9999998807907104,830.71142578125,51.54887771606445,0.9999998807907104,783.6456298828125,46.22126388549805,0.999994158744812,719.9326782226562,53.2153434753418,0.9999910593032837
150641,977.540771484375,46.683433532714844,0.9999992847442627,945.4183349609375,66.63539123535156,0.9999933242797852,944.3988647460938,32.5052490234375,0.9999995231628418,941.6633911132812,49.98876953125,0.9999992847442627,898.39599609375,48.19915771484375,0.9999828338623047,841.9181518554688,52.10875701904297,0.9999997615814209,835.2069702148438,52.54397964477539,1.0,787.2406005859375,45.7451057434082,0.9999954700469971,723.4740600585938,54.73589324951172,0.9999973773956299
150642,981.2940063476562,47.148799896240234,0.9999970197677612,950.56494140625,66.54692840576172,0.99997878074646,949.7448120117188,32.45501708984375,0.9999995231628418,947.3696899414062,49.618019104003906,0.9999995231628418,904.6516723632812,48.104129791259766,0.999984860420227,847.3883666992188,52.17079544067383,0.9999997615814209,841.5160522460938,52.9902458190918,1.0,792.056884765625,46.59934616088867,0.9999918937683105,728.67578125,54.44881820678711,0.9999908208847046
150643,988.61279296875,46.27434539794922,0.9982341527938843,956.891357421875,66.97814178466797,0.9999927282333374,955.0025634765625,32.501007080078125,0.9999997615814209,951.9490356445312,49.682254791259766,0.9999979734420776,909.9091796875,49.30084991455078,0.9999953508377075,853.22705078125,52.730224609375,0.9999998807907104,847.1505737304688,53.450931549072266,0.9999998807907104,797.142578125,47.35721969604492,0.9999966621398926,733.2618408203125,53.76327133178711,0.9999909400939941
150644,994.598388671875,47.38669204711914,0.5242140293121338,960.4483032226562,67.6216049194336,0.9999817609786987,960.159912109375,32.45377731323242,0.9999992847442627,957.68603515625,50.141517639160156,0.9999990463256836,914.9630737304688,49.50056457519531,0.9999909400939941,858.8826293945312,53.3592529296875,0.9999998807907104,851.8219604492188,54.16825485229492,1.0,801.1825561523438,49.14346694946289,0.9999969005584717,738.5429077148438,55.63642120361328,0.9999934434890747
150645,997.4935302734375,48.046043395996094,0.22155091166496277,966.3479614257812,68.60733032226562,0.9999701976776123,965.5374145507812,33.25038146972656,0.9999994039535522,962.3380737304688,51.26043701171875,0.9999994039535522,920.32568359375,49.71285629272461,0.9999945163726807,864.1740112304688,53.16910934448242,0.9999995231628418,858.1416625976562,54.623695373535156,0.9999998807907104,806.3158569335938,49.645591735839844,0.9999959468841553,743.724853515625,56.47603225708008,0.9999743700027466
150646,999.9354248046875,44.72538375854492,0.01778338849544525,970.1712646484375,67.05348205566406,0.9999727010726929,971.575927734375,32.37955856323242,0.9999979734420776,967.6060791015625,50.4136962890625,0.999997615814209,926.153076171875,50.535911560058594,0.9999939203262329,869.9368286132812,53.620906829833984,0.9999995231628418,864.37890625,54.552425384521484,0.9999997615814209,812.6964721679688,50.37778854370117,0.9999946355819702,748.68310546875,56.388671875,0.9998946189880371
150647,1000.4400024414062,55.74082565307617,0.0019048595568165183,974.1234130859375,67.7604751586914,0.9998098015785217,976.9677124023438,34.5020751953125,0.9999974966049194,974.2744140625,49.942874908447266,0.9999964237213135,931.795654296875,49.70376968383789,0.999988317489624,874.8340454101562,54.102630615234375,0.9999994039535522,867.7952270507812,54.990657806396484,0.9999998807907104,815.8716430664062,51.07624053955078,0.9999783039093018,749.3649291992188,56.750308990478516,0.9985376596450806
150648,1000.8132934570312,50.443172454833984,0.0008813188760541379,979.752685546875,68.127685546875,0.9996306896209717,981.5949096679688,34.785343170166016,0.999998927116394,978.42236328125,50.69538497924805,0.9999979734420776,936.3040161132812,50.072021484375,0.9999865293502808,880.0929565429688,54.77665328979492,0.9999985694885254,873.2518310546875,55.83841323852539,0.9999995231628418,819.2353515625,51.850101470947266,0.9999904632568359,753.2510375976562,53.93901443481445,0.990724503993988
150649,762.00390625,38.5286865234375,0.0008236073772422969,985.211669921875,67.64229583740234,0.998706579208374,983.5919189453125,33.51325607299805,0.9999566078186035,982.392822265625,49.87538528442383,0.9999868869781494,941.5958251953125,51.65243148803711,0.9999860525131226,884.9483642578125,54.84946823120117,0.9999996423721313,879.4384155273438,55.78166961669922,0.9999997615814209,824.78857421875,52.437591552734375,0.9999748468399048,754.6727294921875,56.28055953979492,0.9933310151100159
150650,761.882568359375,38.97799301147461,0.0008219914743676782,991.652099609375,69.36869812011719,0.6110002994537354,992.6148071289062,37.48456573486328,0.9045277237892151,991.7036743164062,52.290828704833984,0.9802631735801697,949.288330078125,51.816810607910156,0.9998446702957153,890.642333984375,55.75422668457031,0.9999994039535522,883.8450927734375,56.340576171875,0.9999996423721313,828.31689453125,53.42948913574219,0.999968409538269,755.6289672851562,57.14805603027344,0.9970239996910095
150651,761.5967407226562,39.754058837890625,0.000725283520296216,992.979248046875,71.14603424072266,0.2116086333990097,995.0267333984375,37.88729476928711,0.5061975717544556,995.2020874023438,53.349998474121094,0.6577082276344299,954.6122436523438,52.08406448364258,0.9999340772628784,895.4992065429688,55.85969161987305,0.999998927116394,889.6185913085938,57.03043746948242,0.9999996423721313,836.418701171875,54.815223693847656,0.9999916553497314,761.95751953125,57.154850006103516,0.9915816187858582
150652,775.1943359375,47.583282470703125,0.0009675020119175315,993.9883422851562,72.82344055175781,0.09435514360666275,997.6387939453125,38.68867492675781,0.09903871268033981,998.1868896484375,54.99705505371094,0.03780757263302803,958.668701171875,52.95845031738281,0.9999172687530518,901.3245849609375,56.03133010864258,0.9999997615814209,896.045166015625,57.360435485839844,0.9999996423721313,846.2805786132812,56.1275520324707,0.9999895095825195,779.3818359375,53.94207000732422,0.9994000196456909
150653,776.7255249023438,48.94810485839844,0.0009565139771439135,994.9382934570312,73.20468139648438,0.02413415163755417,998.9110107421875,38.344642639160156,0.023086020722985268,997.1655883789062,51.57823944091797,0.003710129763931036,961.25439453125,52.27128601074219,0.9998243451118469,907.6339111328125,55.57229232788086,0.9999996423721313,900.7039794921875,56.73588562011719,0.9999998807907104,850.3951416015625,57.00267028808594,0.9999967813491821,785.4894409179688,53.763511657714844,0.9999312162399292
150654,30.59859848022461,94.88541412353516,0.0006284422124736011,995.9574584960938,72.62671661376953,0.017680998891592026,998.5237426757812,38.16183853149414,0.046210918575525284,999.2450561523438,53.56268310546875,0.004955689888447523,962.1226196289062,51.83499526977539,0.9998579025268555,911.6113891601562,54.837425231933594,0.9999996423721313,906.2728881835938,56.65146255493164,0.9999998807907104,856.460693359375,57.02096939086914,0.9999908208847046,792.6160278320312,55.004276275634766,0.9998679161071777
150655,30.595703125,94.8885726928711,0.0006113577983342111,996.2711791992188,71.6182861328125,0.0027538114227354527,996.8113403320312,34.608150482177734,0.02069593220949173,997.9978637695312,51.02949142456055,0.0017854312900453806,966.0855102539062,51.192344665527344,0.9998922348022461,916.8397216796875,54.303585052490234,1.0,911.575927734375,55.99818801879883,0.9999998807907104,861.426025390625,56.7319450378418,0.9999923706054688,798.336181640625,54.53712463378906,0.9999619722366333
150656,30.60770606994629,94.91180419921875,0.0006390248308889568,997.2213745117188,71.43559265136719,0.0017194991232827306,996.2257080078125,35.315059661865234,0.015233105979859829,998.5023803710938,51.551055908203125,0.0005330166895873845,970.6693725585938,51.32911682128906,0.9998456239700317,922.6875610351562,54.024871826171875,0.9999998807907104,916.610107421875,55.305240631103516,1.0,865.5518188476562,57.17450714111328,0.9999940395355225,801.942626953125,55.673221588134766,0.9999613761901855
