bodyparts,Nose,Nose,Nose,EarR,EarR,EarR,EarL,EarL,EarL,ForepawToeR,ForepawToeR,ForepawToeR,ForepawToeL,ForepawToeL,ForepawToeL,HindpawToeR,HindpawToeR,HindpawToeR,HindpawToeL,HindpawToeL,HindpawToeL
coords,x,y,likelihood,x,y,likelihood,x,y,likelihood,x,y,likelihood,x,y,likelihood,x,y,likelihood,x,y,likelihood
FrameIdx,,,,,,,,,,,,,,,,,,,,,
150467,171.1214141845703,155.74156188964844,1.0,132.14443969726562,87.33150482177734,1.0,203.0660400390625,81.23582458496094,1.0,158.61500549316406,174.242919921875,1.0,188.94293212890625,178.19189453125,0.9999998807907104,139.34327697753906,174.94300842285156,1.0,203.6898651123047,172.550537109375,1.0
150468,171.44412231445312,156.4246826171875,1.0,131.160888671875,88.56121826171875,1.0,202.43475341796875,81.39742279052734,1.0,155.74734497070312,173.28387451171875,1.0,188.06565856933594,178.69737243652344,1.0,139.6698760986328,175.2786102294922,1.0,204.32363891601562,171.91470336914062,1.0
150469,172.19488525390625,157.8722381591797,1.0,131.28790283203125,89.67903900146484,1.0,202.54539489746094,82.14913940429688,1.0,154.79957580566406,172.74114990234375,1.0,188.02987670898438,180.15164184570312,1.0,138.77435302734375,174.990234375,1.0,203.4160614013672,170.81863403320312,1.0
150470,172.64105224609375,159.07406616210938,1.0,131.19793701171875,90.84917449951172,1.0,203.13262939453125,82.72003936767578,1.0,155.4056396484375,174.6703643798828,1.0,187.11109924316406,180.0735626220703,1.0,139.1291961669922,175.06785583496094,1.0,201.9236602783203,170.6376495361328,1.0
150471,173.80703735351562,161.34100341796875,1.0,132.47125244140625,91.6558837890625,1.0,203.14132690429688,84.23324584960938,1.0,155.3284912109375,174.72103881835938,1.0,188.55345153808594,179.40533447265625,1.0,138.9292755126953,175.05947875976562,1.0,201.976806640625,169.7926025390625,0.9999998807907104
150472,174.903076171875,162.8300018310547,1.0,133.9554901123047,92.42884826660156,1.0,204.47494506835938,86.0290298461914,1.0,154.54611206054688,174.2429962158203,1.0,189.10537719726562,178.95184326171875,1.0,138.4890899658203,174.97259521484375,1.0,204.06903076171875,170.24200439453125,0.9999998807907104
150473,176.30914306640625,163.29454040527344,1.0,134.26930236816406,93.61724853515625,1.0,206.46572875976562,87.69742584228516,1.0,154.8555908203125,173.95205688476562,1.0,189.7763671875,179.0278778076172,1.0,138.74168395996094,175.34539794921875,1.0,204.49325561523438,169.84129333496094,1.0
150474,177.24867248535156,163.32789611816406,1.0,135.21511840820312,94.633544921875,1.0,207.2552032470703,87.90614318847656,1.0,155.6107635498047,171.89761352539062,1.0,191.27215576171875,179.56890869140625,1.0,139.6376953125,176.52369689941406,1.0,204.71876525878906,170.14468383789062,1.0
150475,177.94679260253906,162.70233154296875,1.0,135.47059631347656,95.41416931152344,1.0,207.7261962890625,87.66522216796875,1.0,157.0199432373047,170.2897186279297,1.0,192.452880859375,180.0934295654297,1.0,139.8238983154297,176.85324096679688,1.0,204.43252563476562,170.01263427734375,1.0
150476,178.97671508789062,161.68862915039062,1.0,136.4915008544922,94.94937133789062,1.0,208.37083435058594,86.97907257080078,1.0,158.35791015625,170.12930297851562,1.0,193.7615966796875,178.80123901367188,1.0,139.4996337890625,176.285888671875,1.0,205.3367156982422,169.9938507080078,1.0
150477,179.3714599609375,160.77395629882812,1.0,137.3903350830078,94.12679290771484,1.0,209.05532836914062,85.46241760253906,1.0,158.7772674560547,169.81504821777344,1.0,193.40582275390625,179.7336883544922,1.0,138.63243103027344,176.12811279296875,1.0,206.1297149658203,169.818603515625,0.9999998807907104
150478,179.58450317382812,159.77537536621094,1.0,137.7186279296875,93.64939880371094,1.0,209.47134399414062,84.62053680419922,1.0,158.84530639648438,170.05569458007812,1.0,192.65658569335938,179.44126892089844,1.0,138.54531860351562,175.92979431152344,1.0,206.79721069335938,170.23944091796875,0.9999997615814209
150479,179.63621520996094,158.64947509765625,1.0,138.6160888671875,92.38793182373047,1.0,210.28399658203125,83.88440704345703,1.0,158.25991821289062,170.189208984375,1.0,193.39605712890625,178.51702880859375,1.0,137.75372314453125,175.64707946777344,1.0,206.92311096191406,169.66038513183594,0.9999997615814209
150480,178.500732421875,158.79473876953125,1.0,138.868408203125,90.98703002929688,1.0,211.34364318847656,83.62315368652344,1.0,157.7230987548828,170.1381072998047,1.0,193.61241149902344,178.65785217285156,1.0,137.0590057373047,174.88563537597656,1.0,207.59190368652344,170.54006958007812,0.9999997615814209
150481,178.3584747314453,157.6464385986328,1.0,138.64749145507812,89.74632263183594,1.0,211.536376953125,82.98379516601562,1.0,157.57513427734375,170.22598266601562,0.9999998807907104,194.01669311523438,178.59445190429688,1.0,137.13197326660156,174.88023376464844,1.0,209.1289520263672,171.3326416015625,0.9999998807907104
150482,178.11981201171875,157.42953491210938,1.0,139.58969116210938,88.90629577636719,1.0,211.9658203125,81.31716918945312,1.0,156.32395935058594,170.76553344726562,0.9999998807907104,194.12155151367188,178.18182373046875,1.0,136.6514892578125,174.22720336914062,1.0,208.3884735107422,171.5984344482422,0.9999997615814209
150483,179.16217041015625,156.82286071777344,1.0,139.51673889160156,87.19853210449219,1.0,212.41421508789062,80.04915618896484,1.0,155.6949005126953,170.94921875,0.9999997615814209,194.37588500976562,176.21853637695312,0.9999998807907104,137.19943237304688,173.62278747558594,0.9999998807907104,211.0139923095703,172.72271728515625,0.9999946355819702
150484,179.20555114746094,155.54562377929688,1.0,139.6336212158203,86.04916381835938,1.0,212.59251403808594,79.23472595214844,1.0,156.5529327392578,171.47987365722656,0.9999996423721313,193.87437438964844,176.74794006347656,0.9999994039535522,138.71803283691406,172.45291137695312,0.9999998807907104,213.2580108642578,172.32830810546875,0.9999983310699463
150485,179.64901733398438,154.68064880371094,1.0,140.28424072265625,85.88142395019531,1.0,212.96664428710938,79.27903747558594,1.0,157.422607421875,174.20285034179688,0.9999997615814209,191.55015563964844,175.48776245117188,0.9999970197677612,140.28903198242188,171.97421264648438,0.9999990463256836,215.1383056640625,172.55577087402344,0.9999977350234985
150486,179.86044311523438,155.409423828125,1.0,140.03443908691406,85.44654846191406,1.0,213.40098571777344,79.12836456298828,1.0,163.12808227539062,173.2289581298828,1.0,194.5567626953125,174.46282958984375,0.9999996423721313,138.8295135498047,165.1029052734375,0.9999985694885254,215.72398376464844,175.031982421875,0.9999978542327881
150487,179.232421875,155.76954650878906,1.0,139.60142517089844,86.05469512939453,1.0,213.20225524902344,79.39181518554688,1.0,165.71165466308594,174.46975708007812,1.0,195.73654174804688,173.8478546142578,0.999998927116394,138.0087890625,161.9621124267578,0.999997615814209,216.6095428466797,174.44696044921875,0.9999992847442627
150488,178.12408447265625,157.84713745117188,1.0,138.79843139648438,86.91577911376953,1.0,213.09555053710938,79.67891693115234,1.0,167.64920043945312,179.60890197753906,1.0,198.2002716064453,173.81625366210938,0.9999998807907104,139.3951416015625,161.43270874023438,0.9999951124191284,216.61508178710938,174.989501953125,0.9999998807907104
150489,178.2187957763672,159.2040557861328,1.0,138.11489868164062,88.95228576660156,1.0,212.5236053466797,80.68414306640625,1.0,167.03509521484375,181.40020751953125,1.0,199.14463806152344,173.33758544921875,0.9999984502792358,138.94049072265625,162.75856018066406,0.999997615814209,214.8780517578125,175.2483367919922,0.9999995231628418
150490,179.0760955810547,159.97996520996094,1.0,135.43692016601562,90.40652465820312,1.0,211.45974731445312,81.28024291992188,1.0,167.36062622070312,181.66226196289062,1.0,199.50772094726562,173.0293426513672,0.9999984502792358,133.4268341064453,160.74440002441406,0.9999756813049316,215.62962341308594,173.9551544189453,0.9999996423721313
150491,179.526123046875,161.254150390625,1.0,132.97987365722656,94.37061309814453,1.0,210.25039672851562,81.4566650390625,1.0,167.0922088623047,181.79034423828125,1.0,199.36068725585938,173.13320922851562,0.999998927116394,133.61045837402344,163.17518615722656,0.9999034404754639,215.2493896484375,174.33424377441406,0.9999997615814209
150492,179.45872497558594,161.3279266357422,1.0,131.6661834716797,95.43401336669922,1.0,209.63934326171875,81.55122375488281,1.0,167.4909210205078,182.49717712402344,1.0,199.59414672851562,175.7982940673828,0.9999992847442627,131.4854278564453,164.41184997558594,0.9999929666519165,217.45684814453125,176.04690551757812,1.0
150493,179.2702178955078,162.0037841796875,1.0,131.50372314453125,95.53406524658203,1.0,209.07737731933594,81.72776794433594,1.0,167.2369384765625,182.34999084472656,1.0,198.1237335205078,177.19960021972656,0.9999998807907104,130.55587768554688,166.46884155273438,0.9999884366989136,218.10369873046875,176.38072204589844,1.0
150494,178.425048828125,162.31961059570312,1.0,132.28427124023438,94.38424682617188,1.0,209.33114624023438,82.00822448730469,1.0,167.2118682861328,182.09336853027344,1.0,197.63006591796875,175.7078399658203,0.9999995231628418,132.26876831054688,169.8282928466797,0.999995231628418,216.1873779296875,174.9880828857422,0.9999997615814209
150495,177.9633331298828,163.29534912109375,1.0,132.55165100097656,92.70889282226562,1.0,210.3033447265625,82.77580261230469,1.0,166.84678649902344,181.87918090820312,1.0,198.05503845214844,173.8046875,0.9999998807907104,133.63311767578125,170.26657104492188,0.9999960660934448,213.644775390625,174.82220458984375,0.9999998807907104
150496,177.7185516357422,163.68035888671875,1.0,132.7421417236328,91.10791015625,1.0,210.58193969726562,82.74039459228516,1.0,165.96377563476562,181.826416015625,1.0,197.93304443359375,174.20596313476562,0.9999998807907104,134.53025817871094,168.10914611816406,0.9999991655349731,212.0854949951172,176.60723876953125,0.9999998807907104
150497,177.62677001953125,163.94656372070312,1.0,132.46778869628906,90.49446868896484,1.0,210.08006286621094,82.04483795166016,1.0,166.29165649414062,181.23333740234375,1.0,199.08792114257812,172.6865997314453,0.9999998807907104,134.13096618652344,166.11065673828125,0.9999997615814209,210.31976318359375,177.51229858398438,0.9999998807907104
150498,177.6443328857422,163.87142944335938,1.0,132.29318237304688,89.99282836914062,1.0,209.16281127929688,81.2262191772461,1.0,166.20408630371094,180.65289306640625,1.0,198.0673370361328,172.64688110351562,0.9999998807907104,134.62278747558594,166.52023315429688,0.9999998807907104,210.95826721191406,177.2050018310547,1.0
150499,177.68130493164062,163.26084899902344,1.0,131.5822296142578,89.78941345214844,1.0,208.53956604003906,80.5019760131836,1.0,166.25326538085938,180.61776733398438,1.0,196.03070068359375,173.01666259765625,0.9999998807907104,135.69815063476562,167.62539672851562,0.9999998807907104,209.52867126464844,176.2017822265625,0.9999998807907104
150500,178.70350646972656,163.3527069091797,1.0,130.84898376464844,89.37635803222656,1.0,208.24778747558594,79.97422790527344,1.0,165.89590454101562,179.4163055419922,1.0,194.6538848876953,174.52142333984375,0.9999997615814209,137.84793090820312,169.11807250976562,0.9999998807907104,208.06996154785156,173.78201293945312,0.9999990463256836
150501,178.31719970703125,162.8577423095703,1.0,130.18951416015625,89.0660400390625,1.0,207.88719177246094,79.7312240600586,1.0,161.9080352783203,178.1658935546875,1.0,193.0036163330078,176.23350524902344,1.0,139.31556701660156,172.63328552246094,1.0,211.92576599121094,174.22216796875,1.0
150502,179.09242248535156,163.09072875976562,1.0,130.00851440429688,89.99030303955078,1.0,206.76290893554688,80.10615539550781,1.0,159.14083862304688,177.77618408203125,1.0,197.19857788085938,178.0548553466797,1.0,139.73178100585938,176.3721923828125,1.0,212.8766632080078,176.81141662597656,0.9999998807907104
150503,178.34425354003906,163.1723175048828,1.0,130.35205078125,91.32227325439453,1.0,206.2547149658203,80.97554779052734,1.0,155.26626586914062,175.35609436035156,0.9999998807907104,199.38406372070312,183.54884338378906,1.0,138.76388549804688,180.88629150390625,1.0,210.46348571777344,177.8055419921875,0.9999998807907104
150504,178.56239318847656,163.5133056640625,1.0,130.90367126464844,91.30342864990234,1.0,207.44496154785156,82.91123962402344,1.0,154.7060089111328,175.52635192871094,0.9999998807907104,199.45814514160156,185.5106201171875,1.0,139.0806884765625,181.42611694335938,1.0,211.67369079589844,178.18292236328125,0.9999998807907104
150505,178.71902465820312,165.57418823242188,1.0,131.81069946289062,92.20689392089844,1.0,209.6244659423828,86.18240356445312,1.0,155.57298278808594,178.4941864013672,1.0,198.69158935546875,185.93077087402344,1.0,138.3667449951172,181.7837371826172,1.0,211.6192626953125,179.03517150878906,1.0
150506,179.90794372558594,167.1346893310547,1.0,131.9963836669922,93.61143493652344,1.0,211.5660400390625,88.08634185791016,1.0,154.78533935546875,178.9932403564453,1.0,197.98196411132812,186.51206970214844,1.0,138.0175323486328,182.01068115234375,1.0,211.76783752441406,179.30520629882812,1.0
150507,181.1386260986328,167.5725555419922,1.0,133.0203094482422,94.01665496826172,1.0,212.5257568359375,88.32009887695312,1.0,153.65162658691406,178.81765747070312,1.0,198.29861450195312,186.89404296875,1.0,137.70718383789062,182.3441162109375,1.0,210.8961181640625,179.39944458007812,1.0
150508,182.62234497070312,167.1571502685547,1.0,134.03900146484375,93.52111053466797,1.0,212.60899353027344,87.50846099853516,1.0,153.3135223388672,176.18923950195312,0.9999997615814209,198.29808044433594,186.9395294189453,1.0,137.8253936767578,182.1709747314453,1.0,209.93157958984375,179.55172729492188,0.9999998807907104
150509,184.3008270263672,165.62367248535156,1.0,134.1739959716797,93.93155670166016,1.0,213.01475524902344,86.14592742919922,1.0,154.85745239257812,174.127197265625,1.0,198.9603729248047,187.05902099609375,1.0,137.41921997070312,182.2379150390625,1.0,209.61227416992188,179.7264862060547,0.9999995231628418
150510,185.79689025878906,164.66615295410156,1.0,133.89527893066406,94.49214935302734,1.0,213.58892822265625,85.08860778808594,1.0,156.6595916748047,172.82485961914062,1.0,199.98001098632812,186.72412109375,1.0,136.6514892578125,181.6590576171875,1.0,209.857421875,179.28680419921875,0.9999997615814209
150511,187.4267578125,164.29612731933594,1.0,134.31048583984375,94.28275299072266,1.0,213.48715209960938,83.96509552001953,1.0,157.33963012695312,171.429443359375,1.0,200.29940795898438,186.49722290039062,1.0,136.7062530517578,181.0128936767578,1.0,209.82240295410156,178.2096710205078,0.9999992847442627
150512,187.93650817871094,163.50062561035156,1.0,134.63406372070312,93.18328857421875,1.0,214.18336486816406,82.8907241821289,1.0,157.72732543945312,172.7770538330078,1.0,200.52880859375,186.63427734375,1.0,136.91824340820312,180.31663513183594,1.0,210.2303466796875,178.4465789794922,0.9999997615814209
150513,187.3175811767578,163.14883422851562,1.0,135.78775024414062,91.30691528320312,1.0,215.4186553955078,82.19390106201172,1.0,158.8845977783203,174.12571716308594,1.0,200.61276245117188,186.93624877929688,1.0,135.51324462890625,179.62100219726562,1.0,210.294921875,178.9150848388672,0.9999997615814209
150514,185.72332763671875,163.4674835205078,1.0,136.79879760742188,89.6282958984375,1.0,216.27719116210938,81.90525817871094,1.0,159.3032989501953,173.74227905273438,1.0,200.93307495117188,187.03587341308594,1.0,135.89146423339844,178.31304931640625,1.0,211.13893127441406,180.21292114257812,1.0
150515,184.22015380859375,163.99610900878906,1.0,137.42929077148438,88.82003021240234,1.0,216.5612335205078,81.6207504272461,1.0,158.75845336914062,173.53390502929688,0.9999998807907104,200.2444610595703,187.08511352539062,1.0,135.8896026611328,177.99681091308594,1.0,212.1245880126953,181.20570373535156,1.0
150516,183.24710083007812,165.15130615234375,1.0,138.2651824951172,89.09291076660156,1.0,217.20980834960938,82.4532241821289,1.0,161.17462158203125,176.5298614501953,1.0,198.97683715820312,186.47984313964844,1.0,137.5708465576172,177.91152954101562,1.0,213.33802795410156,178.83189392089844,1.0
150517,182.55686950683594,166.30262756347656,1.0,138.65223693847656,89.11636352539062,1.0,218.55409240722656,84.0959701538086,1.0,164.2587890625,179.98338317871094,1.0,201.28594970703125,180.32054138183594,0.9999998807907104,138.5382537841797,176.2609405517578,1.0,214.1395263671875,177.65696716308594,1.0
150518,182.39117431640625,167.5212860107422,1.0,139.3597412109375,89.28340911865234,1.0,219.08973693847656,85.30216979980469,1.0,162.85064697265625,186.57769775390625,1.0,201.94786071777344,179.7643280029297,1.0,139.35653686523438,171.5411376953125,0.9999998807907104,216.0179443359375,181.4813690185547,1.0
150519,182.4073486328125,167.87371826171875,1.0,138.7456512451172,90.87765502929688,1.0,218.97970581054688,86.89970397949219,1.0,164.36585998535156,189.31983947753906,1.0,201.60836791992188,184.55763244628906,1.0,136.88108825683594,167.93038940429688,0.9999743700027466,216.14517211914062,185.3269805908203,1.0
150520,182.74180603027344,168.8500213623047,1.0,135.92974853515625,95.21436309814453,1.0,217.77984619140625,87.4983139038086,1.0,163.92381286621094,188.44619750976562,1.0,200.62164306640625,186.75628662109375,1.0,134.15887451171875,166.59959411621094,0.999602735042572,216.5995635986328,186.64231872558594,1.0
150521,182.81753540039062,169.79415893554688,1.0,131.99903869628906,99.4788818359375,1.0,216.2333221435547,87.47782897949219,1.0,164.18540954589844,188.48577880859375,1.0,202.24148559570312,187.43063354492188,1.0,132.46864318847656,167.87571716308594,0.999566376209259,218.02000427246094,186.35183715820312,1.0
150522,182.68482971191406,169.50006103515625,1.0,130.26516723632812,100.73328399658203,1.0,215.32786560058594,86.21823120117188,1.0,163.99874877929688,188.19407653808594,1.0,203.83029174804688,187.62461853027344,1.0,129.87156677246094,169.30503845214844,0.9999309778213501,217.7142791748047,186.70166015625,1.0
150523,182.24853515625,168.52859497070312,1.0,129.23583984375,100.75933837890625,1.0,214.2892303466797,85.15989685058594,1.0,163.74391174316406,187.96994018554688,1.0,204.9593963623047,187.1108856201172,1.0,127.12741088867188,172.5625,0.9999979734420776,217.22454833984375,187.20323181152344,1.0
150524,181.34959411621094,167.93121337890625,1.0,129.08306884765625,99.50303649902344,1.0,213.33119201660156,84.18142700195312,1.0,163.9759063720703,187.98785400390625,1.0,204.3151397705078,186.91940307617188,1.0,124.81951904296875,177.0149688720703,0.9999992847442627,217.5344696044922,186.4779815673828,1.0
150525,180.18780517578125,167.13539123535156,1.0,129.6012725830078,97.4792709350586,1.0,212.87953186035156,84.0888671875,1.0,163.80604553222656,188.10826110839844,1.0,203.53317260742188,185.00294494628906,1.0,124.00830078125,178.14080810546875,0.9999998807907104,217.02651977539062,186.11395263671875,1.0
150526,179.69674682617188,167.62413024902344,1.0,129.6439208984375,95.33397674560547,1.0,213.44219970703125,84.3461685180664,1.0,163.7512969970703,188.55711364746094,1.0,204.64768981933594,183.8318328857422,1.0,125.66203308105469,177.64959716796875,0.9999996423721313,216.56646728515625,185.83399963378906,0.9999998807907104
150527,178.8726806640625,168.2984619140625,1.0,129.6192626953125,93.22532653808594,1.0,213.89979553222656,84.13107299804688,1.0,163.7714385986328,188.60928344726562,1.0,205.73129272460938,183.0605010986328,1.0,126.16175842285156,176.0884552001953,0.9999997615814209,218.4988555908203,184.43157958984375,1.0
150528,178.2608642578125,169.1669921875,1.0,129.2922821044922,91.36489868164062,1.0,214.6953125,84.1323471069336,1.0,163.65333557128906,188.00314331054688,1.0,206.08815002441406,182.23619079589844,1.0,126.31583404541016,175.11962890625,1.0,218.01107788085938,185.43133544921875,0.9999998807907104
150529,178.3056182861328,170.2499237060547,1.0,129.30133056640625,89.93486022949219,1.0,215.59230041503906,82.98725891113281,1.0,163.3335418701172,188.50473022460938,1.0,206.26895141601562,181.1501922607422,1.0,125.8305435180664,175.216552734375,1.0,217.7013702392578,184.88954162597656,0.9999997615814209
150530,178.18414306640625,170.32884216308594,1.0,129.88499450683594,88.85694885253906,1.0,215.11004638671875,82.11570739746094,1.0,162.29721069335938,186.69183349609375,1.0,205.42311096191406,180.81459045410156,1.0,126.90692138671875,177.2565155029297,1.0,217.91490173339844,184.5369415283203,0.9999998807907104
150531,178.78005981445312,170.45071411132812,1.0,129.95166015625,88.84798431396484,1.0,214.4022216796875,81.53063201904297,1.0,160.15243530273438,184.64382934570312,1.0,203.44927978515625,182.4001007080078,1.0,129.07440185546875,180.22286987304688,1.0,218.4410858154297,184.53363037109375,1.0
150532,179.22735595703125,169.77371215820312,1.0,129.01934814453125,90.551513671875,1.0,213.0564422607422,80.8160400390625,1.0,149.83131408691406,180.56260681152344,1.0,203.45652770996094,185.12551879882812,1.0,128.99288940429688,183.15667724609375,1.0,216.85940551757812,185.86788940429688,0.9999998807907104
150533,180.47801208496094,171.0621337890625,1.0,128.5264892578125,92.266357421875,1.0,212.13201904296875,81.1923599243164,1.0,147.70753479003906,181.24771118164062,0.9999998807907104,205.72711181640625,189.19203186035156,1.0,128.60426330566406,184.6290283203125,1.0,216.2932586669922,190.02638244628906,0.9999802112579346
150534,181.6915283203125,171.41676330566406,1.0,128.1686553955078,93.32147216796875,1.0,212.19357299804688,82.06965637207031,1.0,145.09971618652344,180.1553955078125,0.9999996423721313,206.2469024658203,193.0629425048828,1.0,126.6948471069336,184.9401092529297,1.0,217.97634887695312,189.02041625976562,0.9999886751174927
150535,182.49632263183594,172.10501098632812,1.0,128.0810089111328,94.48596954345703,1.0,213.6217041015625,83.52706909179688,1.0,146.51028442382812,180.3767852783203,0.9999960660934448,205.88116455078125,193.91688537597656,1.0,126.41439056396484,185.0642547607422,1.0,218.3259735107422,189.8121795654297,0.9999953508377075
150536,183.03533935546875,174.14358520507812,1.0,130.10986328125,94.53023529052734,1.0,215.92665100097656,85.67051696777344,1.0,148.70233154296875,179.45457458496094,0.9999998807907104,205.79855346679688,194.77064514160156,1.0,126.44206237792969,185.3591766357422,1.0,218.57949829101562,190.06520080566406,0.9999984502792358
150537,183.21066284179688,175.4544219970703,1.0,130.62429809570312,94.59526824951172,1.0,218.33131408691406,87.2765121459961,1.0,148.0616455078125,180.8507080078125,0.9999997615814209,205.79537963867188,195.33486938476562,1.0,125.7876205444336,186.09361267089844,1.0,218.754638671875,189.44827270507812,0.9999995231628418
150538,184.4357147216797,175.0596160888672,1.0,132.12379455566406,94.36359405517578,1.0,220.27603149414062,87.53404998779297,1.0,147.7478485107422,180.98634338378906,1.0,205.9973907470703,195.23452758789062,1.0,126.02922821044922,186.35986328125,1.0,218.29136657714844,189.4751739501953,0.9999984502792358
150539,186.20774841308594,175.5041046142578,1.0,133.1033935546875,94.39522552490234,1.0,220.5224609375,87.06143951416016,1.0,148.84434509277344,178.9257354736328,1.0,205.95980834960938,195.78439331054688,1.0,126.06714630126953,186.06668090820312,1.0,218.24038696289062,189.71595764160156,0.9999982118606567
150540,188.16529846191406,175.2506561279297,1.0,133.5023193359375,94.54689025878906,1.0,221.0668182373047,86.30792236328125,1.0,151.0453643798828,178.8582305908203,0.9999998807907104,206.06814575195312,195.00424194335938,1.0,125.51097106933594,185.78701782226562,1.0,218.14442443847656,189.9288330078125,0.9999951124191284
150541,190.31263732910156,175.05760192871094,1.0,134.0530548095703,95.40194702148438,1.0,222.2841339111328,84.82149505615234,1.0,153.8769073486328,178.2144012451172,0.9999998807907104,206.63909912109375,195.29685974121094,1.0,126.06614685058594,186.82745361328125,0.9999998807907104,218.01107788085938,189.8949432373047,0.9999932050704956
150542,191.0476837158203,174.60696411132812,1.0,135.52479553222656,95.32861328125,1.0,223.08889770507812,83.88556671142578,1.0,156.75485229492188,178.93711853027344,1.0,206.7063751220703,195.40792846679688,1.0,126.43577575683594,186.19993591308594,0.9999998807907104,218.50018310546875,189.19300842285156,0.9999977350234985
150543,191.849365234375,174.52978515625,1.0,136.40406799316406,94.67137908935547,1.0,223.5126953125,82.77799987792969,1.0,158.86363220214844,180.89559936523438,1.0,206.31390380859375,195.50791931152344,1.0,126.644775390625,185.81361389160156,1.0,217.92892456054688,188.0528106689453,0.9999995231628418
150544,191.82626342773438,174.289306640625,1.0,136.4048614501953,93.88713073730469,1.0,223.06399536132812,81.74699401855469,1.0,160.35906982421875,179.60670471191406,1.0,206.7584686279297,195.43606567382812,1.0,125.99623107910156,185.896240234375,1.0,218.07420349121094,188.382568359375,0.9999996423721313
150545,192.930908203125,174.33316040039062,1.0,135.7384033203125,93.4080581665039,1.0,222.78941345214844,80.5338363647461,1.0,161.04507446289062,176.47999572753906,1.0,206.66241455078125,195.77859497070312,1.0,126.01897430419922,186.0405731201172,0.9999998807907104,217.468994140625,189.90890502929688,0.9999990463256836
150546,193.0157470703125,174.45069885253906,1.0,135.59864807128906,92.91925811767578,1.0,223.0637664794922,79.57685089111328,1.0,160.48275756835938,176.06613159179688,0.9999998807907104,206.7913055419922,196.96453857421875,1.0,126.21331787109375,186.09368896484375,1.0,218.50621032714844,191.1040802001953,0.9999995231628418
150547,192.08209228515625,173.518798828125,1.0,136.8982391357422,92.12252807617188,1.0,224.521240234375,79.48973846435547,1.0,162.9670867919922,180.14199829101562,1.0,202.67916870117188,197.2914581298828,1.0,126.34638214111328,186.01065063476562,1.0,220.03321838378906,190.3255157470703,1.0
150548,191.296630859375,173.97425842285156,1.0,138.64805603027344,90.79058074951172,1.0,225.33506774902344,79.64732360839844,1.0,164.70382690429688,184.2158660888672,1.0,201.27842712402344,196.4239959716797,1.0,127.6264877319336,185.9936065673828,1.0,219.95863342285156,187.60264587402344,1.0
150549,192.119140625,174.3150634765625,1.0,140.75314331054688,89.67507934570312,1.0,228.86923217773438,81.6759033203125,1.0,166.36961364746094,188.85498046875,1.0,203.11215209960938,193.51187133789062,1.0,129.43222045898438,183.8460693359375,1.0,220.22207641601562,189.8492889404297,0.9999997615814209
150550,192.39425659179688,175.31002807617188,1.0,141.55148315429688,90.62554931640625,1.0,229.40347290039062,83.93279266357422,1.0,169.6084747314453,194.63772583007812,1.0,206.22784423828125,194.30767822265625,1.0,131.92079162597656,181.4342498779297,1.0,225.3470001220703,193.70111083984375,1.0
150551,193.74928283691406,177.38812255859375,1.0,139.82594299316406,92.20150756835938,1.0,228.78402709960938,84.35157775878906,1.0,170.3887939453125,197.25665283203125,1.0,208.08694458007812,194.20663452148438,1.0,133.94171142578125,179.75741577148438,1.0,226.0281219482422,194.16102600097656,1.0
150552,195.3227996826172,179.9940185546875,1.0,136.6400146484375,97.2266616821289,1.0,227.49078369140625,84.093994140625,1.0,169.5263671875,197.48809814453125,1.0,209.9385986328125,195.53004455566406,1.0,134.4383544921875,181.0507049560547,1.0,225.1088104248047,195.83721923828125,1.0
150553,194.58367919921875,179.44717407226562,1.0,133.87814331054688,101.61189270019531,1.0,225.64866638183594,83.75121307373047,1.0,168.71640014648438,197.30450439453125,1.0,211.2362060546875,195.66262817382812,1.0,133.3884735107422,182.147216796875,0.9999998807907104,225.7167205810547,196.08544921875,1.0
150554,193.4422607421875,179.38973999023438,1.0,131.53677368164062,102.94670867919922,1.0,224.921142578125,84.31859588623047,1.0,169.68338012695312,198.05593872070312,1.0,211.94686889648438,195.2378692626953,1.0,130.52993774414062,181.8695068359375,1.0,226.82545471191406,196.8458251953125,1.0
150555,192.5671844482422,178.83428955078125,1.0,130.55455017089844,103.1573486328125,1.0,222.9132080078125,82.47026062011719,1.0,169.568115234375,197.7796630859375,1.0,212.74655151367188,195.39532470703125,1.0,126.48985290527344,183.39178466796875,1.0,227.36334228515625,197.7145538330078,1.0
150556,190.42379760742188,178.04061889648438,1.0,128.91943359375,102.70970153808594,1.0,221.15052795410156,82.15238189697266,1.0,169.46371459960938,198.18145751953125,1.0,212.56613159179688,195.34739685058594,1.0,122.6416244506836,184.87380981445312,1.0,226.10696411132812,198.01458740234375,1.0
150557,188.64511108398438,176.8967742919922,1.0,129.60287475585938,100.95643615722656,1.0,221.66722106933594,81.32227325439453,1.0,169.35720825195312,198.1373291015625,1.0,213.0444793701172,194.32823181152344,1.0,121.47207641601562,184.9668731689453,1.0,225.97586059570312,198.40036010742188,1.0
150558,187.18994140625,177.2078094482422,1.0,130.30552673339844,97.55990600585938,1.0,221.6355743408203,80.78131103515625,1.0,169.50180053710938,198.0691375732422,1.0,213.9790802001953,193.537109375,1.0,122.95919036865234,185.152099609375,0.9999998807907104,226.49853515625,198.34474182128906,1.0
150559,186.2644805908203,177.57705688476562,1.0,130.29202270507812,96.08528137207031,1.0,221.5679473876953,80.11915588378906,1.0,169.68138122558594,197.43821716308594,1.0,214.8371124267578,192.33644104003906,1.0,123.14680480957031,184.8696746826172,0.9999998807907104,226.74098205566406,198.0469207763672,1.0
150560,185.97866821289062,178.22906494140625,1.0,130.51467895507812,95.32115173339844,1.0,221.752685546875,79.49232482910156,1.0,170.25320434570312,197.54734802246094,1.0,216.44876098632812,190.5042266845703,1.0,124.00462341308594,184.64430236816406,0.9999997615814209,227.96401977539062,197.56979370117188,0.9999998807907104
150561,186.03097534179688,177.50657653808594,1.0,130.2561492919922,94.37993621826172,1.0,222.26760864257812,79.16152954101562,1.0,170.59591674804688,197.5829315185547,1.0,216.54965209960938,188.4898681640625,1.0,123.70439910888672,186.35610961914062,0.9999998807907104,227.7436981201172,195.642333984375,0.9999998807907104
150562,186.83197021484375,177.6656036376953,1.0,130.12135314941406,93.00323486328125,1.0,222.2789306640625,79.34078216552734,1.0,170.31707763671875,197.9926300048828,1.0,216.46429443359375,188.1588134765625,1.0,123.99625396728516,188.02330017089844,1.0,226.97633361816406,195.68667602539062,0.9999997615814209
150563,187.53964233398438,177.3081817626953,1.0,130.14736938476562,92.76782989501953,1.0,221.8616485595703,78.96723937988281,1.0,170.23971557617188,197.41372680664062,1.0,216.77462768554688,189.705810546875,0.9999998807907104,127.80876159667969,191.59603881835938,0.9999997615814209,226.36822509765625,196.58099365234375,0.9999995231628418
150564,188.66673278808594,178.6815185546875,1.0,130.43040466308594,92.90308380126953,1.0,221.86940002441406,78.79608917236328,1.0,172.8701171875,196.9773406982422,1.0,215.8119659423828,190.71983337402344,1.0,133.327880859375,196.02247619628906,1.0,227.44935607910156,196.918701171875,0.9999984502792358
150565,190.7035369873047,178.88125610351562,1.0,130.45021057128906,94.1460952758789,1.0,221.37051391601562,79.21300506591797,1.0,169.4224853515625,195.6258544921875,0.9999998807907104,214.46653747558594,191.4600372314453,1.0,134.04649353027344,196.01034545898438,1.0,226.58901977539062,195.83938598632812,0.9999932050704956
150566,192.25746154785156,179.1476287841797,1.0,129.46231079101562,95.18299102783203,1.0,221.114501953125,80.03519439697266,1.0,147.6175079345703,192.2644500732422,0.9999982118606567,217.13475036621094,198.1726531982422,1.0,132.8695068359375,194.92897033691406,0.9999998807907104,225.1945037841797,199.7223358154297,0.9974510073661804
150567,192.43492126464844,181.0352783203125,1.0,128.7422332763672,96.46118927001953,1.0,221.50355529785156,80.98100280761719,1.0,146.5937957763672,192.2462921142578,0.999992847442627,215.62554931640625,202.76100158691406,1.0,132.1228485107422,196.10162353515625,1.0,227.6374053955078,198.9364776611328,0.9999947547912598
150568,192.56654357910156,182.60052490234375,1.0,128.8634796142578,98.59618377685547,1.0,223.1781463623047,81.64224243164062,1.0,147.2751007080078,193.9424591064453,0.9999979734420776,215.41343688964844,203.7420654296875,1.0,132.23146057128906,195.58872985839844,1.0,228.6057586669922,198.99436950683594,0.9999990463256836
150569,192.4970703125,185.0516815185547,1.0,130.09193420410156,99.01703643798828,1.0,226.73056030273438,83.81278991699219,1.0,149.5446319580078,194.35877990722656,0.9999957084655762,214.69346618652344,204.12509155273438,1.0,131.87014770507812,195.1578826904297,1.0,228.88673400878906,198.6287384033203,0.9999998807907104
150570,193.18299865722656,186.3541717529297,1.0,131.73326110839844,99.45794677734375,1.0,227.80738830566406,84.0518569946289,1.0,154.26788330078125,191.5628662109375,0.9999765157699585,214.93055725097656,204.19961547851562,1.0,132.02926635742188,194.9599151611328,1.0,228.60304260253906,198.0314483642578,0.9999997615814209
150571,194.74594116210938,186.23670959472656,1.0,133.80845642089844,98.91513061523438,1.0,228.62448120117188,83.77851867675781,1.0,155.5366973876953,191.4287109375,0.999996542930603,215.6064910888672,204.58871459960938,1.0,131.81301879882812,194.8106231689453,1.0,228.32847595214844,197.83578491210938,0.9999988079071045
150572,197.16522216796875,186.19906616210938,1.0,135.44265747070312,97.84910583496094,1.0,228.46145629882812,83.17963409423828,1.0,155.99374389648438,190.74058532714844,0.9999967813491821,215.94329833984375,204.95777893066406,1.0,131.70240783691406,194.86123657226562,1.0,228.3907470703125,197.1064910888672,0.9999922513961792
150573,199.49012756347656,186.06991577148438,1.0,136.38717651367188,97.21820068359375,1.0,229.5689697265625,82.47991943359375,1.0,156.9162139892578,186.39761352539062,0.9999978542327881,216.44155883789062,205.32203674316406,1.0,132.435546875,195.9107208251953,1.0,228.5510711669922,196.85337829589844,0.9999821186065674
150574,200.0965118408203,185.57997131347656,1.0,137.69041442871094,95.89527130126953,1.0,230.8730010986328,81.19343566894531,1.0,156.98037719726562,184.84078979492188,0.9999995231628418,216.75831604003906,205.2966766357422,1.0,133.3494873046875,196.8490753173828,1.0,228.30520629882812,196.23648071289062,0.99997878074646
150575,200.5732421875,184.8319854736328,1.0,138.61647033691406,95.8023910522461,1.0,231.71986389160156,80.06564331054688,1.0,157.9480743408203,184.64866638183594,0.9999988079071045,217.1147003173828,205.4707794189453,1.0,134.17860412597656,196.98341369628906,1.0,227.98629760742188,195.14515686035156,0.9998942613601685
150576,200.3434295654297,183.83030700683594,1.0,139.41360473632812,93.99385833740234,1.0,232.19236755371094,78.6899185180664,1.0,160.11412048339844,185.09524536132812,0.9999997615814209,217.27992248535156,205.20953369140625,1.0,132.93531799316406,196.0706329345703,1.0,228.1016082763672,196.07992553710938,0.9999105930328369
150577,200.28318786621094,182.60748291015625,1.0,139.51870727539062,91.22156524658203,1.0,232.78457641601562,77.07437896728516,1.0,161.8848876953125,183.77606201171875,1.0,217.22384643554688,205.5454559326172,1.0,132.4420166015625,194.68641662597656,1.0,228.30810546875,196.73989868164062,0.9999387264251709
150578,200.4788818359375,181.89540100097656,1.0,139.63221740722656,90.40989685058594,1.0,233.23216247558594,75.75214385986328,1.0,161.4031524658203,181.77178955078125,0.9999998807907104,216.85348510742188,205.63958740234375,1.0,131.43014526367188,194.0725860595703,1.0,228.16453552246094,197.3877716064453,0.9999433755874634
150579,200.88267517089844,180.15126037597656,1.0,140.4546356201172,89.2069091796875,1.0,233.49266052246094,74.69552612304688,1.0,164.38204956054688,183.19097900390625,1.0,217.0180206298828,205.70947265625,0.9999998807907104,130.9970703125,193.99203491210938,1.0,228.79685974121094,198.19996643066406,0.9999661445617676
150580,201.0921630859375,178.73992919921875,1.0,142.4688262939453,87.64215850830078,1.0,235.2129669189453,73.9602279663086,1.0,167.7636260986328,186.08108520507812,0.9999997615814209,216.82191467285156,206.12486267089844,0.9999998807907104,130.31427001953125,194.3031768798828,1.0,229.218505859375,198.2423095703125,0.999980092048645
150581,201.84197998046875,178.6102752685547,1.0,145.36778259277344,85.8505859375,1.0,237.7493133544922,74.16277313232422,0.9999998807907104,173.1806640625,188.63938903808594,0.9999997615814209,215.79037475585938,205.8910675048828,1.0,129.6005859375,191.98681640625,1.0,230.22178649902344,197.75869750976562,0.9999970197677612
150582,202.12741088867188,178.35081481933594,1.0,146.0302276611328,84.8322982788086,1.0,239.8533477783203,74.44584655761719,1.0,175.03030395507812,190.8010711669922,0.9999997615814209,213.8206024169922,204.73599243164062,0.9999998807907104,129.0232391357422,190.99148559570312,1.0,230.95530700683594,197.61737060546875,0.9999998807907104
150583,203.64031982421875,177.829833984375,1.0,146.13815307617188,84.95535278320312,1.0,240.8239288330078,74.39633178710938,1.0,174.2698974609375,192.35528564453125,0.9999998807907104,217.03500366210938,201.82595825195312,0.9999991655349731,132.3820343017578,187.51100158691406,1.0,231.9327850341797,198.97669982910156,0.9999971389770508
150584,205.4404296875,179.37181091308594,1.0,145.93649291992188,86.61093139648438,1.0,241.2815704345703,74.8822021484375,1.0,178.70730590820312,202.01333618164062,1.0,220.56671142578125,203.26849365234375,0.9999985694885254,136.64453125,184.6879425048828,0.9999997615814209,230.9178466796875,201.1260528564453,0.9999872446060181
150585,206.92860412597656,180.93557739257812,1.0,145.09303283691406,88.43657684326172,1.0,241.16091918945312,75.82395935058594,1.0,178.29470825195312,204.7156982421875,1.0,222.99940490722656,205.06837463378906,0.9999994039535522,136.4341583251953,181.45391845703125,0.9999998807907104,232.81216430664062,201.9164581298828,0.9999731779098511
150586,207.1241912841797,181.689697265625,1.0,143.16273498535156,91.97264099121094,1.0,240.6978759765625,75.89933013916016,1.0,178.3721923828125,203.9755859375,1.0,225.32269287109375,205.7151336669922,0.9999997615814209,134.6571044921875,181.31280517578125,0.9999998807907104,233.93846130371094,200.2967529296875,0.9996581077575684
150587,206.08071899414062,181.9481658935547,1.0,139.99720764160156,95.67150115966797,1.0,239.59539794921875,75.21556091308594,1.0,178.88656616210938,204.63853454589844,1.0,225.38290405273438,205.90057373046875,0.9999998807907104,131.71005249023438,181.44073486328125,0.9999997615814209,233.25509643554688,198.9835205078125,0.9996355772018433
150588,204.31997680664062,182.16746520996094,1.0,137.77340698242188,96.79071807861328,1.0,238.3045654296875,74.90989685058594,1.0,179.20785522460938,205.03509521484375,1.0,224.3519287109375,205.73330688476562,0.9999995231628418,126.55655670166016,183.06393432617188,0.9999998807907104,232.64683532714844,200.2604217529297,0.9998905658721924
150589,201.45553588867188,181.95315551757812,1.0,137.01565551757812,95.6824722290039,1.0,236.25,72.80418395996094,1.0,179.31907653808594,205.68992614746094,1.0,224.2883758544922,206.1039581298828,0.9999992847442627,120.43082427978516,182.87847900390625,1.0,231.98110961914062,202.60130310058594,0.9996777772903442
150590,199.3262176513672,182.75881958007812,1.0,138.05299377441406,93.23676300048828,1.0,234.1536407470703,72.21232604980469,1.0,179.424560546875,205.82627868652344,1.0,222.24021911621094,205.79638671875,0.9999996423721313,116.67765808105469,183.19778442382812,1.0,231.7595977783203,203.42935180664062,0.9998540878295898
150591,197.39259338378906,184.84339904785156,1.0,138.1505889892578,91.39518737792969,1.0,233.6727752685547,71.79882049560547,1.0,178.936279296875,206.68751525878906,1.0,218.1630859375,202.2755126953125,0.9999998807907104,115.73637390136719,182.96803283691406,1.0,232.87960815429688,205.86280822753906,0.9999902248382568
150592,194.857177734375,186.37783813476562,1.0,137.2799835205078,91.0502700805664,1.0,233.435302734375,72.36347961425781,1.0,179.15298461914062,207.39178466796875,1.0,218.6632843017578,200.19476318359375,1.0,117.15856170654297,183.70700073242188,1.0,234.8597412109375,205.29408264160156,0.9999990463256836
150593,193.6472625732422,187.88632202148438,1.0,136.03546142578125,90.90675354003906,1.0,233.17324829101562,73.05474853515625,1.0,179.5821990966797,207.6107177734375,1.0,218.99722290039062,199.6201934814453,1.0,119.75,184.09793090820312,1.0,234.34849548339844,205.27577209472656,0.9999988079071045
150594,193.22019958496094,188.69297790527344,1.0,136.26405334472656,90.34929656982422,1.0,233.81387329101562,73.63819885253906,1.0,180.21768188476562,207.9073486328125,1.0,221.23300170898438,200.26580810546875,0.9999998807907104,121.54595184326172,183.61256408691406,1.0,236.74656677246094,206.27049255371094,0.999993085861206
150595,193.00027465820312,187.99461364746094,1.0,137.0332489013672,89.89799499511719,1.0,234.5777130126953,74.65178680419922,1.0,180.03697204589844,208.17117309570312,1.0,222.6836395263672,198.35501098632812,0.9999998807907104,123.22577667236328,186.08306884765625,0.9999998807907104,238.42745971679688,205.2794189453125,0.9998854398727417
150596,193.6253662109375,187.22235107421875,1.0,137.36643981933594,89.71922302246094,1.0,236.1766357421875,75.5554428100586,1.0,180.61061096191406,208.16612243652344,1.0,223.30734252929688,197.3256072998047,0.9999998807907104,126.49443817138672,186.2661590576172,0.9999998807907104,240.50738525390625,206.3748321533203,0.9990690350532532
150597,195.6270751953125,186.770751953125,1.0,137.9995574951172,89.82377624511719,1.0,237.47799682617188,75.98552703857422,1.0,181.01766967773438,207.78248596191406,1.0,226.47666931152344,195.84765625,1.0,129.80502319335938,190.730224609375,0.9999998807907104,239.8310546875,205.87637329101562,0.9772619009017944
150598,196.09552001953125,186.75314331054688,1.0,138.3096160888672,89.37982940673828,1.0,237.96299743652344,76.22276306152344,1.0,181.03599548339844,207.1853485107422,1.0,224.94041442871094,199.7985382080078,0.9999998807907104,133.77169799804688,194.0570831298828,1.0,239.0164031982422,205.79273986816406,0.9732108116149902
150599,199.08837890625,187.19015502929688,1.0,138.51942443847656,89.88832092285156,1.0,238.18702697753906,76.92122650146484,1.0,181.22096252441406,207.48472595214844,1.0,226.49282836914062,206.6836700439453,0.9999964237213135,139.75701904296875,199.33038330078125,0.9999997615814209,241.09632873535156,206.64610290527344,0.9482970237731934
150600,201.21676635742188,188.5804901123047,1.0,138.95654296875,90.17716979980469,1.0,238.32240295410156,77.40814208984375,1.0,177.09178161621094,204.44627380371094,0.9999997615814209,228.6025390625,212.33799743652344,1.0,141.9698028564453,201.90390014648438,0.9999978542327881,241.9219970703125,208.3001251220703,0.9924795627593994
150601,202.93544006347656,189.50180053710938,1.0,139.12274169921875,91.7704849243164,1.0,238.17764282226562,78.02217864990234,1.0,171.7455291748047,201.804931640625,0.9751017093658447,229.65057373046875,212.97683715820312,1.0,141.5303497314453,201.9607391357422,0.9999805688858032,242.61119079589844,207.98605346679688,0.9939984083175659
150602,202.55099487304688,190.3452606201172,1.0,138.99087524414062,93.18661499023438,1.0,239.03492736816406,79.05851745605469,1.0,180.63145446777344,202.51971435546875,0.9895153045654297,229.69480895996094,213.88539123535156,1.0,141.0412139892578,202.1627655029297,0.9999613761901855,244.6421661376953,208.35919189453125,0.999489426612854
150603,202.3032989501953,191.3194580078125,1.0,137.63758850097656,94.65403747558594,1.0,240.0385284423828,79.78445434570312,1.0,177.90769958496094,204.12548828125,0.9966334700584412,229.61264038085938,214.59288024902344,1.0,139.4728240966797,202.15634155273438,0.9999964237213135,245.83099365234375,208.51724243164062,0.9996793270111084
150604,202.07525634765625,192.2960968017578,1.0,137.96115112304688,94.40501403808594,1.0,241.36407470703125,79.4389877319336,1.0,182.24801635742188,204.6708984375,0.9924980998039246,229.14390563964844,214.7395477294922,0.9999998807907104,137.5198211669922,202.11917114257812,0.9999991655349731,245.7672119140625,209.560791015625,0.9997007846832275
150605,202.13665771484375,192.37559509277344,1.0,139.38157653808594,92.60877990722656,1.0,243.8894805908203,79.05755615234375,1.0,183.07862854003906,205.31861877441406,0.994962215423584,229.34799194335938,215.25120544433594,0.9999997615814209,137.8116455078125,202.10972595214844,0.9999995231628418,246.18267822265625,209.9920196533203,0.9994470477104187
150606,203.61204528808594,192.92523193359375,1.0,140.36058044433594,90.46302032470703,1.0,246.20620727539062,79.92143249511719,1.0,181.5008087158203,204.6779327392578,0.9951189756393433,230.20436096191406,215.46319580078125,0.9999998807907104,138.3011474609375,202.79225158691406,0.9999994039535522,245.87705993652344,210.25177001953125,0.9993478655815125
150607,204.58839416503906,193.52508544921875,1.0,142.8088836669922,90.47744750976562,1.0,247.69390869140625,80.37320709228516,1.0,177.13255310058594,203.3589630126953,0.9971501231193542,231.2223663330078,216.291748046875,0.9999996423721313,140.67991638183594,202.54071044921875,0.9999995231628418,245.9471893310547,210.05528259277344,0.9981548190116882
150608,206.33534240722656,194.29425048828125,1.0,145.40432739257812,87.34222412109375,1.0,248.13890075683594,80.30199432373047,0.9999998807907104,178.17408752441406,201.6093292236328,0.9997833371162415,231.56817626953125,216.84840393066406,0.9999995231628418,141.43313598632812,203.26283264160156,0.9999995231628418,245.95860290527344,209.9873504638672,0.9969332218170166
150609,207.068603515625,194.56735229492188,1.0,145.93075561523438,86.68859100341797,1.0,248.57550048828125,79.45877838134766,1.0,179.53562927246094,199.51510620117188,0.9991083741188049,231.6924591064453,217.20384216308594,0.9999994039535522,143.11407470703125,202.5799560546875,0.9999996423721313,245.17262268066406,208.45912170410156,0.9921213388442993
150610,208.63841247558594,195.13429260253906,1.0,145.74188232421875,86.90754699707031,1.0,248.92355346679688,78.34419250488281,1.0,178.8560028076172,199.03733825683594,0.967840313911438,232.76028442382812,217.17138671875,0.999998927116394,144.44952392578125,204.0288848876953,0.9999997615814209,246.5142364501953,208.1396942138672,0.9703565239906311
150611,210.44546508789062,195.05397033691406,1.0,145.52536010742188,87.06059265136719,1.0,249.92196655273438,77.21819305419922,0.9999998807907104,165.70095825195312,190.8147735595703,0.9966247081756592,233.19927978515625,217.3485870361328,0.9999979734420776,144.68389892578125,204.16494750976562,0.9999998807907104,247.50672912597656,207.56143188476562,0.8653792142868042
150612,212.00978088378906,195.4156494140625,1.0,145.05502319335938,86.6122055053711,1.0,250.05636596679688,75.90387725830078,0.9999998807907104,166.66830444335938,190.32220458984375,0.999798595905304,232.88111877441406,217.70355224609375,0.9999982118606567,145.98446655273438,203.84286499023438,0.9999995231628418,248.45286560058594,205.47064208984375,0.6775925159454346
150613,213.69679260253906,195.8474884033203,1.0,146.33636474609375,85.85028839111328,1.0,250.74490356445312,74.97425079345703,0.9999998807907104,165.97659301757812,190.67428588867188,0.9999301433563232,233.8859100341797,218.0118408203125,0.9999988079071045,145.5897674560547,204.61837768554688,0.9999958276748657,250.4104461669922,204.10049438476562,0.7722322344779968
150614,214.8002471923828,195.5200958251953,1.0,147.39120483398438,84.59300994873047,1.0,251.52272033691406,74.16858673095703,0.9999998807907104,167.00149536132812,190.58985900878906,0.9999017715454102,234.50360107421875,218.37953186035156,0.999998927116394,146.00668334960938,206.03836059570312,0.9999837875366211,251.6632843017578,203.25143432617188,0.7394689321517944
150615,216.68991088867188,194.83206176757812,1.0,150.6378173828125,83.3578109741211,1.0,253.8977813720703,71.50935363769531,0.9999996423721313,170.00396728515625,192.12130737304688,0.9995513558387756,235.5253448486328,218.45538330078125,0.9999988079071045,144.1751251220703,206.76107788085938,0.9999650716781616,251.04086303710938,203.0753173828125,0.5831589698791504
150616,219.19371032714844,193.9441680908203,1.0,153.7120819091797,83.23619842529297,1.0,256.2253723144531,70.036376953125,0.9999998807907104,175.6947021484375,192.4413299560547,0.9999476671218872,236.1851348876953,218.331787109375,0.9999985694885254,139.0594482421875,203.2069091796875,0.9999958276748657,252.27792358398438,202.322998046875,0.7390948534011841
150617,220.3289337158203,194.66078186035156,1.0,155.51373291015625,82.01587677001953,1.0,257.5564880371094,69.18547821044922,1.0,179.60098266601562,196.24598693847656,0.9999964237213135,237.30929565429688,218.66104125976562,0.9999985694885254,136.32064819335938,202.2142333984375,0.9999988079071045,255.13504028320312,200.68484497070312,0.9124406576156616
150618,221.24728393554688,194.3470458984375,1.0,156.24774169921875,81.0359878540039,1.0,256.7791442871094,68.20128631591797,0.9999998807907104,181.53758239746094,198.95297241210938,0.9999932050704956,237.31826782226562,218.94708251953125,0.9999985694885254,134.511962890625,198.0045623779297,0.9999998807907104,255.58274841308594,201.20892333984375,0.8947169780731201
150619,222.51036071777344,193.39378356933594,1.0,156.8262939453125,80.52977752685547,1.0,252.13990783691406,66.69771575927734,1.0,183.0842742919922,199.4039764404297,0.9999942779541016,237.41421508789062,219.72665405273438,0.9999986886978149,133.42579650878906,195.562255859375,1.0,254.16049194335938,202.79359436035156,0.8172649145126343
150620,223.41944885253906,192.54031372070312,1.0,157.09664916992188,80.40682983398438,1.0,250.15011596679688,64.50200653076172,0.9999997615814209,183.17221069335938,198.78805541992188,0.9999994039535522,237.7504425048828,219.88636779785156,0.9999983310699463,134.10557556152344,192.94091796875,0.9999998807907104,252.6777801513672,205.2035369873047,0.4568917751312256
150621,224.2469940185547,193.49388122558594,0.9999998807907104,157.53826904296875,80.84219360351562,1.0,251.54312133789062,62.15535354614258,0.9999996423721313,183.3330078125,199.21714782714844,0.9999990463256836,237.8004913330078,219.6886749267578,0.9999954700469971,134.5458984375,190.08509826660156,1.0,254.93113708496094,206.80435180664062,0.04095808416604996
150622,223.4804229736328,193.01686096191406,0.9999997615814209,158.15106201171875,79.60650634765625,1.0,252.01222229003906,60.423038482666016,0.9999997615814209,183.6581268310547,199.18324279785156,0.999998927116394,239.9619598388672,219.07801818847656,0.9990133047103882,133.56475830078125,187.70782470703125,1.0,131.99658203125,189.0164337158203,0.034668777137994766
150623,223.6975555419922,191.55328369140625,0.9999998807907104,158.84336853027344,78.3620376586914,1.0,253.112060546875,58.04779052734375,0.9999995231628418,185.36033630371094,199.6151580810547,0.9999985694885254,238.65377807617188,216.48916625976562,0.9989904761314392,130.51869201660156,184.85134887695312,1.0,261.6543273925781,206.99021911621094,0.01032752450555563
150624,224.36375427246094,191.61647033691406,0.9999998807907104,158.77981567382812,76.06033325195312,1.0,252.059814453125,54.010345458984375,0.9999998807907104,188.0364990234375,199.75718688964844,0.9999991655349731,237.60536193847656,215.7712860107422,0.9995808005332947,127.3281478881836,177.96226501464844,0.999998927116394,127.6790771484375,178.71124267578125,0.08342669159173965
150625,225.7211456298828,191.61264038085938,0.9999998807907104,158.62457275390625,75.29450225830078,1.0,253.23202514648438,51.482666015625,1.0,191.2662353515625,198.6172332763672,0.9999880790710449,237.07545471191406,214.78231811523438,0.9998254179954529,181.9958953857422,211.27418518066406,0.9996567964553833,252.6224822998047,209.10031127929688,0.09760301560163498
150626,225.74269104003906,192.10549926757812,0.9999991655349731,156.91354370117188,75.33267974853516,1.0,255.69847106933594,48.93134689331055,0.9999998807907104,188.38641357421875,199.2293243408203,0.9992651343345642,236.2281036376953,214.77943420410156,0.9995163679122925,184.5,214.09071350097656,0.779467761516571,252.3916015625,209.94195556640625,0.1639011949300766
150627,225.671630859375,191.18789672851562,0.9999982118606567,155.66258239746094,75.32673645019531,1.0,258.729248046875,48.90875244140625,0.9999998807907104,186.47879028320312,198.3330841064453,0.9997326731681824,236.28469848632812,215.90005493164062,0.9999570846557617,125.74261474609375,157.3823699951172,0.8029123544692993,254.1685028076172,211.11000061035156,0.7036011815071106
150628,224.35708618164062,193.1349334716797,0.9999958276748657,154.75355529785156,75.82695770263672,1.0,260.0027770996094,49.437862396240234,1.0,192.75340270996094,210.0175323486328,0.9999978542327881,236.30487060546875,216.3870086669922,0.9997723698616028,180.50733947753906,214.17906188964844,0.9988025426864624,253.08872985839844,211.83938598632812,0.4660189747810364
150629,224.6815948486328,193.77719116210938,0.9999977350234985,154.52008056640625,77.04100036621094,1.0,260.5372009277344,51.300655364990234,1.0,193.11859130859375,211.25242614746094,0.9999992847442627,233.1855010986328,215.0451202392578,0.9992051720619202,181.09536743164062,216.42269897460938,0.9991248250007629,250.8434600830078,211.42721557617188,0.24603180587291718
150630,223.72946166992188,194.8376007080078,0.9999998807907104,153.75347900390625,79.46920776367188,1.0,260.8564147949219,54.37444305419922,0.9999998807907104,191.1017303466797,214.69888305664062,0.9999970197677612,236.0111846923828,218.2023468017578,0.999953031539917,181.92578125,217.92037963867188,0.9981514811515808,252.13856506347656,211.2429962158203,0.9563882946968079
150631,222.70330810546875,196.9844512939453,1.0,152.150390625,82.6050796508789,1.0,260.4785461425781,56.15370178222656,0.9999997615814209,193.89712524414062,215.76966857910156,0.9999825954437256,238.8955535888672,218.7608184814453,0.9999727010726929,117.2574234008789,173.9836883544922,0.9995272159576416,252.0078125,211.047607421875,0.955267608165741
150632,221.07273864746094,198.59161376953125,1.0,149.14791870117188,83.54928588867188,1.0,260.0367126464844,57.21356964111328,0.9999997615814209,192.6911163330078,218.00350952148438,0.9999874830245972,237.35694885253906,217.21047973632812,0.999958872795105,118.24282836914062,177.7584991455078,0.9999994039535522,250.45233154296875,209.4436492919922,0.9994268417358398
150633,218.7876434326172,198.98277282714844,1.0,147.53050231933594,85.34357452392578,1.0,259.5279541015625,57.302459716796875,0.9999997615814209,192.03887939453125,218.88328552246094,0.9999948740005493,238.72950744628906,219.3134307861328,0.9999222755432129,119.63589477539062,179.55467224121094,0.9999998807907104,250.3336639404297,211.25355529785156,0.9998620748519897
150634,218.1500701904297,199.96804809570312,1.0,144.98434448242188,86.71307373046875,1.0,259.1182861328125,58.21385192871094,0.9999998807907104,191.24331665039062,219.37991333007812,0.9999966621398926,238.0369873046875,219.0808868408203,0.9998838901519775,123.24880981445312,180.72222900390625,1.0,248.6623992919922,211.58389282226562,0.9999508857727051
150635,218.357666015625,201.4355926513672,1.0,142.49246215820312,88.64987182617188,1.0,259.5135192871094,59.77125549316406,0.9999998807907104,190.30075073242188,219.9856719970703,0.9999984502792358,234.7858428955078,216.0156707763672,0.9999867677688599,124.89610290527344,182.51991271972656,1.0,248.52626037597656,211.87669372558594,0.9999934434890747
150636,218.50082397460938,203.3214874267578,1.0,140.39125061035156,90.62178802490234,1.0,259.4482421875,61.58802032470703,0.9999998807907104,190.461181640625,221.76853942871094,0.9999988079071045,236.86427307128906,216.39878845214844,0.9999983310699463,126.70394897460938,184.4500732421875,1.0,250.24842834472656,212.84173583984375,0.9999923706054688
150637,217.40545654296875,204.0163116455078,1.0,139.57559204101562,90.85997772216797,1.0,259.90277099609375,62.73538589477539,0.9999998807907104,191.42608642578125,222.35861206054688,0.9999994039535522,238.64186096191406,215.57786560058594,0.9999995231628418,130.4860382080078,185.4945068359375,1.0,253.30499267578125,214.2058563232422,0.9999945163726807
150638,215.76492309570312,204.72567749023438,0.9999998807907104,139.56124877929688,90.66319274902344,1.0,259.5530090332031,64.01679992675781,0.9999998807907104,190.68405151367188,222.3404998779297,0.9999996423721313,239.53744506835938,214.8486328125,0.9999995231628418,131.93687438964844,187.70494079589844,1.0,254.6807403564453,214.35227966308594,0.999969482421875
150639,214.86163330078125,205.55438232421875,1.0,138.7159423828125,91.12718200683594,1.0,258.1932067871094,64.35052490234375,0.9999998807907104,190.42564392089844,223.85528564453125,0.9999997615814209,239.22259521484375,213.99871826171875,0.9999998807907104,132.00755310058594,188.62881469726562,1.0,255.99600219726562,213.94757080078125,0.9999803304672241
150640,213.98562622070312,206.4298553466797,1.0,138.85690307617188,91.98633575439453,1.0,256.8822326660156,65.99778747558594,1.0,190.71612548828125,225.0508270263672,1.0,239.53823852539062,214.24774169921875,1.0,131.32696533203125,189.2772979736328,1.0,256.22314453125,215.12901306152344,0.9999486207962036
150641,213.0056915283203,207.96665954589844,1.0,137.11219787597656,92.40064239501953,1.0,255.57034301757812,67.32019805908203,1.0,191.48074340820312,225.2174835205078,1.0,242.0084228515625,213.7122039794922,1.0,131.37603759765625,192.0299530029297,1.0,256.0351867675781,215.84681701660156,0.999339759349823
150642,211.456298828125,208.08721923828125,1.0,135.961181640625,91.91980743408203,1.0,254.0533447265625,67.26577758789062,1.0,192.2200927734375,226.1824188232422,1.0,244.69839477539062,213.2734832763672,0.9999997615814209,132.48306274414062,195.09683227539062,1.0,258.2072448730469,218.13751220703125,0.9959797859191895
150643,210.8152618408203,208.086181640625,1.0,135.69903564453125,92.64118957519531,1.0,253.7960205078125,67.66145324707031,1.0,193.0343017578125,226.85556030273438,1.0,246.5088653564453,212.06886291503906,0.9999986886978149,135.2830810546875,199.31907653808594,1.0,258.54827880859375,218.5137176513672,0.9757080674171448
150644,209.3369903564453,208.0862274169922,1.0,134.21397399902344,91.74988555908203,1.0,253.70965576171875,68.16510009765625,1.0,193.11216735839844,228.5827178955078,1.0,248.04031372070312,211.91995239257812,0.9999967813491821,138.39874267578125,203.73773193359375,0.9999998807907104,263.1549072265625,222.96571350097656,0.9351474046707153
150645,207.70822143554688,207.04884338378906,1.0,134.50477600097656,91.95647430419922,1.0,253.443359375,67.58516693115234,1.0,192.62301635742188,228.97024536132812,1.0,246.32655334472656,212.64138793945312,0.9999980926513672,138.81558227539062,209.00074768066406,0.9999997615814209,259.47869873046875,224.18502807617188,0.8343241810798645
150646,206.38951110839844,208.41970825195312,1.0,133.66734313964844,95.3501205444336,1.0,253.07717895507812,67.3095703125,1.0,191.83135986328125,230.29563903808594,0.9999998807907104,244.07839965820312,214.75889587402344,0.9999998807907104,147.79318237304688,215.35922241210938,0.9999998807907104,257.5668640136719,225.1627960205078,0.9668409824371338
150647,205.00021362304688,208.2032470703125,1.0,132.77818298339844,96.70188903808594,1.0,252.48074340820312,67.3761978149414,1.0,191.69174194335938,230.58059692382812,0.9999996423721313,241.6805419921875,216.3418731689453,0.9999998807907104,152.6365966796875,219.58432006835938,0.9999924898147583,256.6678161621094,225.49139404296875,0.999650239944458
150648,206.0352783203125,208.2846221923828,1.0,132.19638061523438,96.67544555664062,1.0,252.12899780273438,67.92713928222656,1.0,193.2714080810547,229.58206176757812,0.9999995231628418,242.9403533935547,218.17059326171875,0.9999994039535522,155.64414978027344,224.2455596923828,0.999969482421875,257.7105712890625,229.43508911132812,0.9999862909317017
150649,207.5888214111328,209.58763122558594,1.0,132.25738525390625,96.73897552490234,1.0,251.79930114746094,69.5036392211914,1.0,188.5657196044922,227.20034790039062,0.9999979734420776,244.5914306640625,226.9118194580078,0.9999983310699463,156.22393798828125,226.40171813964844,0.9998667240142822,262.3183288574219,231.1134796142578,0.6503471732139587
150650,207.31129455566406,210.910400390625,1.0,132.3494415283203,96.82108306884766,1.0,251.7720489501953,71.22396850585938,1.0,186.46983337402344,226.71556091308594,0.9999963045120239,245.766357421875,235.04151916503906,0.9999994039535522,155.5770721435547,226.11671447753906,0.99997878074646,250.88925170898438,227.19766235351562,0.007208256050944328
150651,208.61279296875,212.815185546875,1.0,131.63436889648438,99.37954711914062,1.0,252.07559204101562,73.15990447998047,1.0,163.96640014648438,226.9167022705078,0.995492696762085,246.5836944580078,239.22940063476562,0.9999995231628418,151.55978393554688,226.6835479736328,0.9988627433776855,251.37698364257812,227.14373779296875,0.007744949776679277
150652,208.6744384765625,216.33741760253906,1.0,130.20980834960938,101.42638397216797,1.0,253.92019653320312,75.6315689086914,1.0,163.02191162109375,226.18113708496094,0.9998007416725159,246.78831481933594,239.49131774902344,0.9999992847442627,151.4044189453125,228.45370483398438,0.999703586101532,252.25953674316406,228.15968322753906,0.019005706533789635
150653,210.55706787109375,218.37498474121094,1.0,129.68603515625,104.06715393066406,1.0,257.0386047363281,78.77420043945312,0.9999998807907104,165.5154266357422,223.4155731201172,0.9960609078407288,247.14910888671875,239.82098388671875,0.9999995231628418,152.31996154785156,231.36355590820312,0.9999990463256836,249.45127868652344,231.28347778320312,0.009021148085594177
150654,212.35401916503906,218.480712890625,1.0,129.30459594726562,104.282470703125,1.0,258.31134033203125,80.00503540039062,0.9999998807907104,163.3256072998047,224.35488891601562,0.9995356798171997,247.5408172607422,240.10690307617188,0.9999996423721313,153.4394989013672,232.65371704101562,0.9999932050704956,248.26263427734375,231.65386962890625,0.012056868523359299
150655,214.26731872558594,217.82797241210938,1.0,129.971923828125,104.4742202758789,1.0,258.37261962890625,79.45130920410156,0.9999997615814209,160.94911193847656,227.2924346923828,0.9992563128471375,248.30418395996094,240.74807739257812,0.9999995231628418,152.9758758544922,232.81080627441406,0.9999790191650391,247.18467712402344,231.81610107421875,0.005042538046836853
150656,216.00611877441406,217.47341918945312,0.9999998807907104,130.67388916015625,104.9201431274414,1.0,258.562255859375,78.63603973388672,0.9999997615814209,161.65721130371094,227.18836975097656,0.9991829991340637,249.05926513671875,240.80709838867188,0.9999996423721313,152.72174072265625,232.8953399658203,0.9999819993972778,260.5273132324219,241.47509765625,0.0025307764299213886
